t_s,phase,target_id,yaw_angle_deg,pitch_angle_deg,marker_x,marker_y,marker_w,marker_h,yaw_error,pitch_error,yaw_speed_cmd,pitch_speed_cmd
1.9379999999982829,SLEW_START,LEFT,0.0,-1.0,,,,,,,,
2.1409999999996217,SLEW_END,LEFT,-19.2,-0.9,,,,,,,,
2.1409999999996217,AIM_LOST,LEFT,-19.2,-0.9,,,,,,,,
2.187999999998283,AIM_LOST,LEFT,-16.8,-0.9,,,,,,,,
2.235000000000582,AIM_LOST,LEFT,-16.9,-0.9,,,,,,,,
2.2819999999992433,AIM_LOST,LEFT,-16.8,-0.9,,,,,,,,
2.3440000000009604,AIM,LEFT,-16.9,-0.9,0.49297,0.51389,0.03906,0.07222,-0.007029999999999981,0.013889999999999958,-0.5623999999999985,-1.1111999999999966
2.3909999999996217,AIM,LEFT,-16.8,-0.9,0.49297,0.51389,0.03906,0.07222,-0.007029999999999981,0.013889999999999958,-0.5623999999999985,-1.1111999999999966
2.437999999998283,AIM,LEFT,-16.9,-0.9,0.49297,0.51389,0.03906,0.07222,-0.007029999999999981,0.013889999999999958,-0.5623999999999985,-1.1111999999999966
2.485000000000582,AIM,LEFT,-16.9,-1.0,0.49297,0.51389,0.03906,0.07222,-0.007029999999999981,0.013889999999999958,-0.5623999999999985,-1.1111999999999966
2.5469999999986612,AIM,LEFT,-17.0,-1.1,0.49297,0.51389,0.03906,0.07222,-0.007029999999999981,0.013889999999999958,-0.5623999999999985,-1.1111999999999966
2.5940000000009604,AIM,LEFT,-17.0,-1.1,0.49375,0.51111,0.04062,0.07222,-0.006249999999999978,0.011109999999999953,-0.4999999999999982,-0.8887999999999963
2.6719999999986612,FIRE,LEFT,-17.0,-1.1,,,,,,,,
2.6719999999986612,SLEW_START,MID,-17.0,-1.1,,,,,,,,
2.827999999997701,SLEW_END,MID,-3.9,-0.9,,,,,,,,
2.827999999997701,AIM_LOST,MID,-3.9,-0.9,,,,,,,,
2.875,AIM_LOST,MID,2.2,-1.0,,,,,,,,
2.937999999998283,AIM_LOST,MID,-0.2,-0.9,,,,,,,,
2.985000000000582,AIM,MID,-0.1,-1.0,0.48359,0.51389,0.04531,0.07778,-0.01640999999999998,0.013889999999999958,-1.3127999999999984,-1.1111999999999966
3.0319999999992433,AIM,MID,-0.1,-1.0,0.51406,0.51389,0.04375,0.07778,0.014059999999999961,0.013889999999999958,1.124799999999997,-1.1111999999999966
3.077999999997701,AIM,MID,-0.1,-1.0,0.50859,0.51389,0.04531,0.07778,0.008589999999999987,0.013889999999999958,0.6871999999999989,-1.1111999999999966
3.125,AIM,MID,0.0,-1.0,0.50859,0.51389,0.04531,0.07778,0.008589999999999987,0.013889999999999958,0.6871999999999989,-1.1111999999999966
3.187999999998283,AIM,MID,0.0,-1.1,0.50859,0.5125,0.04531,0.08056,0.008589999999999987,0.012499999999999956,0.6871999999999989,-0.9999999999999964
3.235000000000582,AIM,MID,0.0,-1.2,0.50859,0.51111,0.04531,0.07778,0.008589999999999987,0.011109999999999953,0.6871999999999989,-0.8887999999999963
3.312999999998283,FIRE,MID,0.0,-1.2,,,,,,,,
3.312999999998283,SLEW_START,RIGHT,0.0,-1.2,,,,,,,,
3.437999999998283,SLEW_END,RIGHT,3.2,-1.1,,,,,,,,
3.437999999998283,AIM,RIGHT,3.2,-1.1,0.50781,0.50972,0.04375,0.08056,0.007809999999999984,0.009719999999999951,0.6247999999999987,-0.7775999999999961
3.485000000000582,AIM_LOST,RIGHT,16.4,-1.1,,,,,,,,
3.5319999999992433,AIM_LOST,RIGHT,17.4,-1.2,,,,,,,,
3.577999999997701,AIM_LOST,RIGHT,17.2,-1.0,,,,,,,,
3.6409999999996217,AIM,RIGHT,17.1,-1.1,0.50625,0.50556,0.04375,0.07222,0.006249999999999978,0.005560000000000009,0.4999999999999982,-0.44480000000000075
3.687999999998283,AIM,RIGHT,17.2,-1.1,0.52969,0.50556,0.04062,0.07222,0.029689999999999994,0.005560000000000009,2.3751999999999995,-0.44480000000000075
3.735000000000582,AIM,RIGHT,17.3,-1.1,0.525,0.50556,0.04062,0.07222,0.025000000000000022,0.005560000000000009,2.0000000000000018,-0.44480000000000075
3.7819999999992433,AIM,RIGHT,17.4,-1.1,0.52578,0.50556,0.04219,0.07222,0.025780000000000025,0.005560000000000009,2.062400000000002,-0.44480000000000075
3.8440000000009604,AIM,RIGHT,17.5,-1.2,0.525,0.50417,0.04062,0.075,0.025000000000000022,0.004170000000000007,2.0000000000000018,-0.33360000000000056
3.8909999999996217,AIM,RIGHT,17.6,-1.2,0.52344,0.50417,0.04062,0.075,0.023440000000000016,0.004170000000000007,1.8752000000000013,-0.33360000000000056
3.952999999997701,FIRE,RIGHT,17.6,-1.2,,,,,,,,
3.952999999997701,SLEW_START,LEFT,17.6,-1.2,,,,,,,,
4.21900000000096,SLEW_END,LEFT,-19.3,-2.0,,,,,,,,
4.21900000000096,AIM_LOST,LEFT,-19.3,-2.0,,,,,,,,
4.265999999999622,AIM_LOST,LEFT,-19.5,-2.0,,,,,,,,
4.312999999998283,AIM,LEFT,-17.9,-2.0,0.69453,0.50417,0.05156,0.08611,0.19452999999999998,0.004170000000000007,15.562399999999998,-0.33360000000000056
4.360000000000582,AIM_LOST,LEFT,-17.9,-2.0,,,,,,,,
4.421999999998661,AIM,LEFT,-17.5,-2.0,0.50234,0.49722,0.03906,0.07222,0.0023400000000000087,-0.0027800000000000047,0.1872000000000007,0.22240000000000038
4.46900000000096,AIM,LEFT,-17.5,-2.0,0.50234,0.49722,0.03906,0.07222,0.0023400000000000087,-0.0027800000000000047,0.1872000000000007,0.22240000000000038
4.515999999999622,AIM,LEFT,-17.5,-2.0,0.49922,0.49722,0.03906,0.07222,-0.0007800000000000029,-0.0027800000000000047,-0.06240000000000023,0.22240000000000038
4.562999999998283,AIM,LEFT,-17.4,-2.0,0.49922,0.49722,0.03906,0.07222,-0.0007800000000000029,-0.0027800000000000047,-0.06240000000000023,0.22240000000000038
4.625,AIM,LEFT,-17.5,-2.0,0.66875,0.50278,0.05,0.08333,0.16874999999999996,0.0027800000000000047,13.499999999999996,-0.22240000000000038
4.671999999998661,AIM,LEFT,-17.4,-2.0,0.49766,0.49722,0.03906,0.07222,-0.0023400000000000087,-0.0027800000000000047,-0.1872000000000007,0.22240000000000038
4.71900000000096,AIM,LEFT,-16.7,-2.0,0.49766,0.49722,0.03906,0.07222,-0.0023400000000000087,-0.0027800000000000047,-0.1872000000000007,0.22240000000000038
4.765999999999622,AIM,LEFT,-16.7,-2.0,0.49766,0.49722,0.03906,0.07222,-0.0023400000000000087,-0.0027800000000000047,-0.1872000000000007,0.22240000000000038
4.827999999997701,AIM,LEFT,-16.7,-2.0,0.6625,0.50278,0.05,0.08333,0.16249999999999998,0.0027800000000000047,12.999999999999998,-0.22240000000000038
4.875,AIM,LEFT,-16.7,-2.0,0.49219,0.49722,0.04062,0.07222,-0.007809999999999984,-0.0027800000000000047,-0.6247999999999987,0.22240000000000038
4.921999999998661,AIM,LEFT,-16.1,-2.0,0.49219,0.49722,0.0375,0.07222,-0.007809999999999984,-0.0027800000000000047,-0.6247999999999987,0.22240000000000038
4.96900000000096,AIM,LEFT,-16.0,-1.9,0.49219,0.49722,0.0375,0.07222,-0.007809999999999984,-0.0027800000000000047,-0.6247999999999987,0.22240000000000038
5.031999999999243,AIM,LEFT,-16.1,-1.9,0.49219,0.49722,0.04062,0.07222,-0.007809999999999984,-0.0027800000000000047,-0.6247999999999987,0.22240000000000038
5.077999999997701,AIM,LEFT,-16.1,-1.9,0.48672,0.49722,0.03906,0.07222,-0.013280000000000014,-0.0027800000000000047,-1.0624000000000011,0.22240000000000038
5.125,AIM,LEFT,-16.1,-1.9,0.48672,0.49722,0.03906,0.07222,-0.013280000000000014,-0.0027800000000000047,-1.0624000000000011,0.22240000000000038
5.187999999998283,FIRE,LEFT,-16.2,-1.9,,,,,,,,
