t,step,phase,tof_mm,adc_left,adc_right,ir_left,ir_right,impact,slip,roll_over,pos_x,pos_y,yaw,fresh,stale_reason
1790445210.3638,-1,calib_กำแพงสองข้าง,803,494,502,0,0,0,0,0,-0.0076,-0.0082,-11.94,1,
1790445210.414,-1,calib_กำแพงสองข้าง,804,494,502,0,0,0,0,0,-0.0076,-0.0082,-11.94,1,
1790445210.464,-1,calib_กำแพงสองข้าง,803,494,502,0,0,0,0,0,-0.0076,-0.0082,-11.94,1,
1790445210.5142,-1,calib_กำแพงสองข้าง,803,494,502,0,0,0,0,0,-0.0076,-0.0082,-11.94,1,
1790445210.5642,-1,calib_กำแพงสองข้าง,803,494,502,0,0,0,0,0,-0.0075,-0.0082,-11.94,1,
1790445210.6144,-1,calib_กำแพงสองข้าง,803,494,502,0,0,0,0,0,-0.0075,-0.0082,-11.94,1,
1790445210.6646,-1,calib_กำแพงสองข้าง,804,494,502,0,0,0,0,0,-0.0075,-0.0082,-11.94,1,
1790445210.7149,-1,calib_กำแพงสองข้าง,806,495,505,0,0,0,0,0,-0.0075,-0.0082,-11.94,1,
1790445210.7656,-1,calib_กำแพงสองข้าง,804,495,505,0,0,0,0,0,-0.0075,-0.0082,-11.94,1,
1790445210.816,-1,calib_กำแพงสองข้าง,804,495,505,0,0,0,0,0,-0.0075,-0.0082,-11.94,1,
1790445210.8666,-1,calib_กำแพงสองข้าง,804,495,505,0,0,0,0,0,-0.0075,-0.0082,-11.94,1,
1790445210.9172,-1,calib_กำแพงสองข้าง,806,495,505,0,0,0,0,0,-0.0075,-0.0082,-11.94,1,
1790445210.9673,-1,calib_กำแพงสองข้าง,807,495,505,0,0,0,0,0,-0.0075,-0.0082,-11.94,1,
1790445211.0173,-1,calib_กำแพงสองข้าง,805,495,505,0,0,0,0,0,-0.0075,-0.0082,-11.94,1,
1790445211.0674,-1,calib_กำแพงสองข้าง,806,495,505,0,0,0,0,0,-0.0075,-0.0082,-11.94,1,
1790445211.1176,-1,calib_กำแพงสองข้าง,805,495,505,0,0,0,0,0,-0.0075,-0.0081,-11.94,1,
1790445211.1682,-1,calib_กำแพงสองข้าง,805,495,505,0,0,0,0,0,-0.0075,-0.0081,-11.94,1,
1790445211.2186,-1,calib_กำแพงสองข้าง,805,495,505,0,0,0,0,0,-0.0075,-0.0081,-11.94,1,
1790445211.269,-1,calib_กำแพงสองข้าง,805,495,505,0,0,0,0,0,-0.0075,-0.0081,-11.94,1,
1790445211.3197,-1,calib_กำแพงสองข้าง,805,495,505,0,0,0,0,0,-0.0075,-0.0081,-11.94,1,
1790445211.3704,-1,calib_กำแพงสองข้าง,805,495,505,0,0,0,0,0,-0.0075,-0.0081,-11.94,1,
1790445211.4211,-1,calib_กำแพงสองข้าง,805,495,505,0,0,0,0,0,-0.0075,-0.0081,-11.94,1,
1790445211.4715,-1,calib_กำแพงสองข้าง,805,495,505,0,0,0,0,0,-0.0075,-0.0081,-11.94,1,
1790445211.5223,-1,calib_กำแพงสองข้าง,805,495,505,0,0,0,0,0,-0.0075,-0.0082,-11.94,1,
1790445211.5725,-1,calib_กำแพงสองข้าง,805,495,505,0,0,0,0,0,-0.0075,-0.0082,-11.94,1,
1790445211.6226,-1,calib_กำแพงสองข้าง,806,495,505,0,0,0,0,0,-0.0075,-0.0082,-11.94,1,
1790445211.673,-1,calib_กำแพงสองข้าง,805,495,505,0,0,0,0,0,-0.0075,-0.0083,-11.94,1,
1790445211.7237,-1,calib_กำแพงสองข้าง,806,495,505,0,0,0,0,0,-0.0075,-0.0083,-11.94,1,
1790445211.7742,-1,calib_กำแพงสองข้าง,806,495,505,0,0,0,0,0,-0.0075,-0.0083,-11.94,1,
1790445211.8246,-1,calib_กำแพงสองข้าง,806,495,505,0,0,0,0,0,-0.0075,-0.0083,-11.94,1,
1790445211.8749,-1,calib_กำแพงสองข้าง,806,495,505,0,0,0,0,0,-0.0075,-0.0083,-11.94,1,
1790445211.9253,-1,calib_กำแพงสองข้าง,806,496,503,0,0,0,0,0,-0.0074,-0.0082,-11.94,1,
1790445211.9754,-1,calib_กำแพงสองข้าง,806,496,503,0,0,0,0,0,-0.0074,-0.0082,-11.94,1,
1790445212.0255,-1,calib_กำแพงสองข้าง,806,496,503,0,0,0,0,0,-0.0074,-0.0082,-11.94,1,
1790445212.0757,-1,calib_กำแพงสองข้าง,806,496,503,0,0,0,0,0,-0.0074,-0.0082,-11.94,1,
1790445212.1262,-1,calib_กำแพงสองข้าง,806,496,503,0,0,0,0,0,-0.0074,-0.0082,-11.94,1,
1790445212.1765,-1,calib_กำแพงสองข้าง,806,496,503,0,0,0,0,0,-0.0074,-0.0082,-11.94,1,
1790445212.2268,-1,calib_กำแพงสองข้าง,806,496,503,0,0,0,0,0,-0.0074,-0.0082,-11.94,1,
1790445212.2771,-1,calib_กำแพงสองข้าง,806,496,503,0,0,0,0,0,-0.0074,-0.0082,-11.94,1,
1790445212.3276,-1,calib_กำแพงสองข้าง,807,496,503,0,0,0,0,0,-0.0074,-0.0083,-11.94,1,
1790445213.812,-1,tof_read,130,495,503,0,0,0,0,0,-0.0073,-0.0081,-11.97,1,
1790445213.8622,-1,tof_read,129,495,503,0,0,0,0,0,-0.0074,-0.008,-11.96,1,
1790445213.9128,-1,tof_read,129,495,503,0,0,0,0,0,-0.0075,-0.0079,-11.96,1,
1790445213.963,-1,tof_read,128,495,503,0,0,0,0,0,-0.0076,-0.0079,-11.96,1,
1790445214.0131,-1,tof_read,128,495,503,0,0,0,0,0,-0.0076,-0.0078,-11.96,1,
1790445214.0637,-1,tof_read,128,495,503,0,0,0,0,0,-0.0078,-0.0079,-11.96,1,
1790445214.1139,-1,tof_read,128,495,503,0,0,0,0,0,-0.0078,-0.0079,-11.96,1,
1790445216.71,-1,tof_read,166,495,502,0,0,0,0,0,-0.0072,-0.008,-11.94,1,
1790445216.7601,-1,tof_read,157,495,504,0,0,0,0,0,-0.0074,-0.0081,-11.95,1,
1790445216.8105,-1,tof_read,156,495,504,0,0,0,0,0,-0.0074,-0.0081,-11.94,1,
1790445216.8607,-1,tof_read,156,495,504,0,0,0,0,0,-0.0073,-0.0085,-11.93,1,
1790445216.9112,-1,tof_read,156,495,504,0,0,0,0,0,-0.0073,-0.0085,-11.94,1,
1790445216.9617,-1,tof_read,156,495,504,0,0,0,0,0,-0.0076,-0.0085,-11.94,1,
1790445217.0138,-1,tof_read,165,495,504,0,0,0,0,0,-0.0078,-0.0085,-11.93,1,
1790445242.5961,-1,calib_ชิดกำแพงซ้าย,821,728,353,1,0,0,0,0,-0.0365,-0.0806,-9.32,1,
1790445242.6465,-1,calib_ชิดกำแพงซ้าย,821,728,353,1,0,0,0,0,-0.0365,-0.0806,-9.32,1,
1790445242.6968,-1,calib_ชิดกำแพงซ้าย,822,727,352,1,0,0,0,0,-0.0365,-0.0807,-9.32,1,
1790445242.7468,-1,calib_ชิดกำแพงซ้าย,822,727,352,1,0,0,0,0,-0.0364,-0.0806,-9.32,1,
1790445242.7969,-1,calib_ชิดกำแพงซ้าย,822,727,352,1,0,0,0,0,-0.0364,-0.0807,-9.32,1,
1790445242.8471,-1,calib_ชิดกำแพงซ้าย,821,727,352,1,0,0,0,0,-0.0365,-0.0806,-9.31,1,
1790445242.8973,-1,calib_ชิดกำแพงซ้าย,822,727,352,1,0,0,0,0,-0.0365,-0.0806,-9.32,1,
1790445242.9473,-1,calib_ชิดกำแพงซ้าย,821,727,352,1,0,0,0,0,-0.0365,-0.0807,-9.32,1,
1790445242.9977,-1,calib_ชิดกำแพงซ้าย,821,727,352,1,0,0,0,0,-0.0365,-0.0807,-9.32,1,
1790445243.0481,-1,calib_ชิดกำแพงซ้าย,823,727,352,1,0,0,0,0,-0.0364,-0.0807,-9.32,1,
1790445243.0988,-1,calib_ชิดกำแพงซ้าย,821,727,352,1,0,0,0,0,-0.0364,-0.0807,-9.32,1,
1790445243.1491,-1,calib_ชิดกำแพงซ้าย,821,727,352,1,0,0,0,0,-0.0365,-0.0807,-9.32,1,
1790445243.1995,-1,calib_ชิดกำแพงซ้าย,822,727,352,1,0,0,0,0,-0.0365,-0.0807,-9.32,1,
1790445243.2498,-1,calib_ชิดกำแพงซ้าย,822,727,352,1,0,0,0,0,-0.0365,-0.0807,-9.32,1,
1790445243.3004,-1,calib_ชิดกำแพงซ้าย,822,727,352,1,0,0,0,0,-0.0365,-0.0807,-9.32,1,
1790445243.3506,-1,calib_ชิดกำแพงซ้าย,823,727,352,1,0,0,0,0,-0.0365,-0.0807,-9.32,1,
1790445243.4007,-1,calib_ชิดกำแพงซ้าย,823,727,352,1,0,0,0,0,-0.0364,-0.0807,-9.32,1,
1790445243.4508,-1,calib_ชิดกำแพงซ้าย,822,727,352,1,0,0,0,0,-0.0364,-0.0807,-9.32,1,
1790445243.501,-1,calib_ชิดกำแพงซ้าย,822,727,352,1,0,0,0,0,-0.0364,-0.0807,-9.32,1,
1790445243.5516,-1,calib_ชิดกำแพงซ้าย,822,727,352,1,0,0,0,0,-0.0365,-0.0807,-9.32,1,
1790445243.6019,-1,calib_ชิดกำแพงซ้าย,822,727,352,1,0,0,0,0,-0.0365,-0.0807,-9.32,1,
1790445243.6525,-1,calib_ชิดกำแพงซ้าย,821,727,352,1,0,0,0,0,-0.0364,-0.0807,-9.32,1,
1790445243.703,-1,calib_ชิดกำแพงซ้าย,822,727,352,1,0,0,0,0,-0.0364,-0.0806,-9.32,1,
1790445243.7533,-1,calib_ชิดกำแพงซ้าย,821,718,352,1,0,0,0,0,-0.0364,-0.0807,-9.32,1,
1790445243.8033,-1,calib_ชิดกำแพงซ้าย,822,718,352,1,0,0,0,0,-0.0364,-0.0807,-9.32,1,
1790445243.8537,-1,calib_ชิดกำแพงซ้าย,821,718,352,1,0,0,0,0,-0.0364,-0.0807,-9.32,1,
1790445243.9044,-1,calib_ชิดกำแพงซ้าย,822,718,352,1,0,0,0,0,-0.0364,-0.0807,-9.32,1,
1790445243.9545,-1,calib_ชิดกำแพงซ้าย,823,718,352,1,0,0,0,0,-0.0364,-0.0807,-9.32,1,
1790445244.0049,-1,calib_ชิดกำแพงซ้าย,822,718,352,1,0,0,0,0,-0.0364,-0.0807,-9.32,1,
1790445244.0557,-1,calib_ชิดกำแพงซ้าย,822,718,352,1,0,0,0,0,-0.0364,-0.0807,-9.32,1,
1790445244.1058,-1,calib_ชิดกำแพงซ้าย,822,718,352,1,0,0,0,0,-0.0364,-0.0807,-9.32,1,
1790445244.1562,-1,calib_ชิดกำแพงซ้าย,822,718,352,1,0,0,0,0,-0.0364,-0.0807,-9.32,1,
1790445244.2069,-1,calib_ชิดกำแพงซ้าย,822,718,352,1,0,0,0,0,-0.0364,-0.0806,-9.32,1,
1790445244.257,-1,calib_ชิดกำแพงซ้าย,824,718,352,1,0,0,0,0,-0.0364,-0.0806,-9.32,1,
1790445244.3071,-1,calib_ชิดกำแพงซ้าย,824,718,352,1,0,0,0,0,-0.0364,-0.0806,-9.32,1,
1790445244.3574,-1,calib_ชิดกำแพงซ้าย,822,718,352,1,0,0,0,0,-0.0364,-0.0806,-9.32,1,
1790445244.4088,-1,calib_ชิดกำแพงซ้าย,822,718,352,1,0,0,0,0,-0.0364,-0.0806,-9.32,1,
1790445244.4597,-1,calib_ชิดกำแพงซ้าย,822,718,352,1,0,0,0,0,-0.0364,-0.0806,-9.32,1,
1790445244.5097,-1,calib_ชิดกำแพงซ้าย,822,718,352,1,0,0,0,0,-0.0364,-0.0806,-9.32,1,
1790445244.5603,-1,calib_ชิดกำแพงซ้าย,822,718,352,1,0,0,0,0,-0.0364,-0.0806,-9.32,1,
1790445259.569,-1,calib_ชิดกำแพงขวา,819,347,689,1,0,0,0,0,-0.0029,0.0694,-9.65,1,
1790445259.6192,-1,calib_ชิดกำแพงขวา,819,347,689,1,0,0,0,0,-0.0029,0.0694,-9.65,1,
1790445259.6698,-1,calib_ชิดกำแพงขวา,818,347,689,1,0,0,0,0,-0.0029,0.0694,-9.64,1,
1790445259.72,-1,calib_ชิดกำแพงขวา,818,348,689,1,0,0,0,0,-0.0029,0.0694,-9.64,1,
1790445259.7711,-1,calib_ชิดกำแพงขวา,819,348,689,1,0,0,0,0,-0.0029,0.0695,-9.64,1,
1790445259.8214,-1,calib_ชิดกำแพงขวา,818,348,689,1,0,0,0,0,-0.003,0.0695,-9.65,1,
1790445259.8716,-1,calib_ชิดกำแพงขวา,820,348,689,1,0,0,0,0,-0.003,0.0695,-9.64,1,
1790445259.9224,-1,calib_ชิดกำแพงขวา,819,348,689,1,0,0,0,0,-0.003,0.0695,-9.64,1,
1790445259.9734,-1,calib_ชิดกำแพงขวา,819,348,689,1,0,0,0,0,-0.003,0.0695,-9.64,1,
1790445260.0236,-1,calib_ชิดกำแพงขวา,819,348,689,1,0,0,0,0,-0.003,0.0695,-9.64,1,
1790445260.074,-1,calib_ชิดกำแพงขวา,818,348,689,1,0,0,0,0,-0.003,0.0695,-9.65,1,
1790445260.1242,-1,calib_ชิดกำแพงขวา,819,348,689,1,0,0,0,0,-0.003,0.0695,-9.64,1,
1790445260.1742,-1,calib_ชิดกำแพงขวา,820,348,689,1,0,0,0,0,-0.003,0.0695,-9.64,1,
1790445260.2246,-1,calib_ชิดกำแพงขวา,819,348,689,1,0,0,0,0,-0.003,0.0695,-9.64,1,
1790445260.2772,-1,calib_ชิดกำแพงขวา,818,348,689,1,0,0,0,0,-0.003,0.0695,-9.64,1,
1790445260.3274,-1,calib_ชิดกำแพงขวา,818,348,689,1,0,0,0,0,-0.003,0.0695,-9.64,1,
1790445260.3778,-1,calib_ชิดกำแพงขวา,820,348,689,1,0,0,0,0,-0.003,0.0695,-9.64,1,
1790445260.4279,-1,calib_ชิดกำแพงขวา,819,348,689,1,0,0,0,0,-0.003,0.0695,-9.64,1,
1790445260.4785,-1,calib_ชิดกำแพงขวา,819,348,689,1,0,0,0,0,-0.003,0.0695,-9.64,1,
1790445260.529,-1,calib_ชิดกำแพงขวา,819,348,689,1,0,0,0,0,-0.003,0.0695,-9.64,1,
1790445260.5792,-1,calib_ชิดกำแพงขวา,819,348,689,1,0,0,0,0,-0.003,0.0695,-9.64,1,
1790445260.6293,-1,calib_ชิดกำแพงขวา,818,348,689,1,0,0,0,0,-0.003,0.0695,-9.64,1,
1790445260.6797,-1,calib_ชิดกำแพงขวา,819,348,689,1,0,0,0,0,-0.003,0.0695,-9.64,1,
1790445260.7303,-1,calib_ชิดกำแพงขวา,819,348,689,1,0,0,0,0,-0.003,0.0695,-9.64,1,
1790445260.7805,-1,calib_ชิดกำแพงขวา,820,348,689,1,0,0,0,0,-0.003,0.0695,-9.64,1,
1790445260.831,-1,calib_ชิดกำแพงขวา,818,348,689,1,0,0,0,0,-0.003,0.0695,-9.64,1,
1790445260.8813,-1,calib_ชิดกำแพงขวา,818,348,689,1,0,0,0,0,-0.003,0.0695,-9.64,1,
1790445260.9316,-1,calib_ชิดกำแพงขวา,820,348,689,1,0,0,0,0,-0.003,0.0695,-9.64,1,
1790445260.9818,-1,calib_ชิดกำแพงขวา,820,348,689,1,0,0,0,0,-0.003,0.0695,-9.64,1,
1790445261.0325,-1,calib_ชิดกำแพงขวา,819,348,689,1,0,0,0,0,-0.003,0.0695,-9.64,1,
1790445261.0828,-1,calib_ชิดกำแพงขวา,819,348,689,1,0,0,0,0,-0.003,0.0695,-9.64,1,
1790445261.1334,-1,calib_ชิดกำแพงขวา,820,348,689,1,0,0,0,0,-0.003,0.0695,-9.64,1,
1790445261.184,-1,calib_ชิดกำแพงขวา,820,348,689,1,0,0,0,0,-0.003,0.0695,-9.64,1,
1790445261.2344,-1,calib_ชิดกำแพงขวา,818,348,689,1,0,0,0,0,-0.003,0.0695,-9.64,1,
1790445261.2845,-1,calib_ชิดกำแพงขวา,818,348,689,1,0,0,0,0,-0.003,0.0695,-9.64,1,
1790445261.3348,-1,calib_ชิดกำแพงขวา,818,348,689,1,0,0,0,0,-0.003,0.0695,-9.64,1,
1790445261.3848,-1,calib_ชิดกำแพงขวา,821,348,689,1,0,0,0,0,-0.003,0.0695,-9.64,1,
1790445261.4355,-1,calib_ชิดกำแพงขวา,821,348,689,1,0,0,0,0,-0.003,0.0695,-9.64,1,
1790445261.4856,-1,calib_ชิดกำแพงขวา,820,348,689,1,0,0,0,0,-0.003,0.0695,-9.65,1,
1790445261.5358,-1,calib_ชิดกำแพงขวา,820,348,689,1,0,0,0,0,-0.003,0.0695,-9.64,1,
1790445294.6171,-1,tof_read,140,229,370,1,0,0,0,0,0.0978,-0.0336,-9.16,1,
1790445294.6675,-1,tof_read,140,229,370,1,0,0,0,0,0.0977,-0.0336,-9.18,1,
1790445294.7181,-1,tof_read,142,229,370,1,0,0,0,0,0.0977,-0.0336,-9.17,1,
1790445294.7684,-1,tof_read,140,230,370,1,0,0,0,0,0.0978,-0.0336,-9.17,1,
1790445294.8184,-1,tof_read,140,230,370,1,0,0,0,0,0.0978,-0.0335,-9.17,1,
1790445294.869,-1,tof_read,140,230,370,1,0,0,0,0,0.0974,-0.0333,-9.17,1,
1790445294.9197,-1,tof_read,140,230,370,1,0,0,0,0,0.0972,-0.0332,-9.17,1,
1790445361.1388,-1,calib,70,725,689,1,0,0,0,0,-0.0432,0.0538,-12.19,1,
1790445361.1901,-1,calib,70,725,689,1,0,0,0,0,-0.0432,0.0538,-12.19,1,
1790445361.2405,-1,calib,70,725,689,1,0,0,0,0,-0.0431,0.0538,-12.19,1,
1790445361.291,-1,calib,70,725,689,1,0,0,0,0,-0.0431,0.0538,-12.19,1,
1790445361.3418,-1,calib,70,725,689,1,0,0,0,0,-0.0431,0.0538,-12.19,1,
1790445361.3921,-1,calib,70,725,689,1,0,0,0,0,-0.0431,0.0537,-12.19,1,
1790445361.4426,-1,calib,69,725,689,1,0,0,0,0,-0.0432,0.0537,-12.19,1,
1790445361.4949,-1,calib,70,725,689,1,0,0,0,0,-0.0431,0.0537,-12.19,1,
1790445361.5452,-1,calib,69,725,689,1,0,0,0,0,-0.0431,0.0537,-12.19,1,
1790445361.5957,-1,calib,70,725,689,1,0,0,0,0,-0.0431,0.0538,-12.19,1,
1790445361.6459,-1,calib,70,725,689,1,0,0,0,0,-0.0431,0.0538,-12.19,1,
1790445361.6961,-1,calib,69,725,689,1,0,0,0,0,-0.0431,0.0538,-12.19,1,
1790445361.7468,-1,calib,69,727,689,1,0,0,0,0,-0.0431,0.0538,-12.19,1,
1790445361.7974,-1,calib,70,727,689,1,0,0,0,0,-0.0431,0.0538,-12.19,1,
1790445361.848,-1,calib,70,727,689,1,0,0,0,0,-0.0431,0.0538,-12.19,1,
1790445361.8983,-1,calib,69,727,689,1,0,0,0,0,-0.0431,0.0538,-12.19,1,
1790445361.9484,-1,calib,70,727,689,1,0,0,0,0,-0.0431,0.0538,-12.19,1,
1790445361.999,-1,calib,69,727,689,1,0,0,0,0,-0.0431,0.0538,-12.19,1,
1790445362.0496,-1,calib,70,727,689,1,0,0,0,0,-0.0431,0.0538,-12.19,1,
1790445362.1003,-1,calib,69,727,689,1,0,0,0,0,-0.0431,0.0538,-12.19,1,
1790445373.652,-1,calib,136,556,399,0,0,0,0,0,-0.057,-0.0155,-11.47,1,
1790445373.7034,-1,calib,135,556,399,0,0,0,0,0,-0.057,-0.0155,-11.47,1,
1790445373.7536,-1,calib,135,557,403,0,0,0,0,0,-0.0571,-0.0155,-11.47,1,
1790445373.8042,-1,calib,135,557,403,0,0,0,0,0,-0.0571,-0.0155,-11.47,1,
1790445373.8548,-1,calib,135,557,403,0,0,0,0,0,-0.0571,-0.0155,-11.47,1,
1790445373.9052,-1,calib,135,557,403,0,0,0,0,0,-0.0572,-0.0155,-11.47,1,
1790445373.956,-1,calib,135,557,403,0,0,0,0,0,-0.0572,-0.0155,-11.47,1,
1790445374.0071,-1,calib,135,557,403,0,0,0,0,0,-0.0572,-0.0155,-11.47,1,
1790445374.0574,-1,calib,135,557,403,0,0,0,0,0,-0.0573,-0.0155,-11.47,1,
1790445374.1079,-1,calib,135,557,403,0,0,0,0,0,-0.0573,-0.0155,-11.47,1,
1790445374.1585,-1,calib,135,557,403,0,0,0,0,0,-0.0573,-0.0155,-11.47,1,
1790445374.2089,-1,calib,133,557,403,0,0,0,0,0,-0.0574,-0.0155,-11.47,1,
1790445374.259,-1,calib,135,557,403,0,0,0,0,0,-0.0574,-0.0155,-11.47,1,
1790445374.3091,-1,calib,135,557,403,0,0,0,0,0,-0.0574,-0.0155,-11.47,1,
1790445374.3593,-1,calib,136,557,403,0,0,0,0,0,-0.0574,-0.0155,-11.47,1,
1790445374.41,-1,calib,135,557,403,0,0,0,0,0,-0.0574,-0.0155,-11.47,1,
1790445374.4603,-1,calib,135,557,403,0,0,0,0,0,-0.0575,-0.0155,-11.47,1,
1790445374.5109,-1,calib,135,557,403,0,0,0,0,0,-0.0575,-0.0155,-11.47,1,
1790445374.5614,-1,calib,135,557,403,0,0,0,0,0,-0.0575,-0.0155,-11.47,1,
1790445374.6119,-1,calib,135,557,403,0,0,0,0,0,-0.0575,-0.0155,-11.47,1,
