t,step,phase,x,y,heading,pos_x,pos_y,yaw
0.302,0,arrive,0,0,N,-0.0022,-0.0001,-77.37
26.26,0,centered,0,0,N,0.0352,-0.127,-77.18
32.182,0,turned,0,0,N,0.0321,-0.1262,-77.21
37.593,0,advanced,0,0,N,0.1467,-0.659,-77.24
37.894,1,arrive,0,1,N,0.1504,-0.6749,-77.29
43.381,1,centered,0,1,N,0.1816,-0.8127,-76.86
49.282,1,turned,0,1,N,0.1814,-0.8144,-76.84
54.682,1,advanced,0,1,N,0.2827,-1.2287,-76.81
58.804,2,arrive,0,1,N,0.1957,-0.8451,-76.83
65.084,2,centered,0,1,N,0.2327,-1.0152,-77.14
70.903,2,turned,0,1,N,0.2342,-1.014,-77.35
76.314,2,advanced,0,1,N,0.3553,-1.5288,-77.38
76.615,3,arrive,0,2,N,0.3595,-1.5501,-77.44
104.485,3,centered,0,2,N,0.2563,-1.7199,-80.38
