step,time_s,event,cell_x,cell_y,heading,est_x_m,est_y_m,odom_x_m,odom_y_m,yaw_deg,tof_N,tof_E,tof_S,tof_W,sharp_N,sharp_E,sharp_S,sharp_W,walls_NESW,note
0,0.02,start,1,0,N,0.9,0.3,0.06,0.016,-11.1,,,,,,,,,,"START cell=(1, 0) heading=N"
1,4.11,scan,1,0,N,0.9,0.3,0.058,0.02,-10.7,1920,200,433,201,,148,,144,.WWW,!! S เป็นขอบสนามแต่อ่านโล่ง 1293mm (ตัวถังเบี้ยว/gimbal ชี้ผิดทิศ?)
2,4.11,measured_pose,1,0,N,0.9,0.3,0.058,0.02,-10.7,,,,,,,,,,
3,20.43,move,1,1,N,0.9,0.9,0.666,-0.106,-9.6,1353,,,,,,,,,
4,24.56,scan,1,1,N,0.9,0.9,0.662,-0.103,-8.8,1356,211,1847,171,,150,,129,.W.W,
5,24.56,measured_pose,1,1,N,0.88,0.9,0.662,-0.103,-8.8,,,,,,,,,,
6,26.21,align,1,1,N,0.88,0.9,0.66,-0.103,-8.4,,,,,,,,,,กำแพง E: ToF +25°=248 -25°=231 -> ตัวถังเอียงขวา 2.9° -> หมุนแก้ +2.9°
7,27.89,align,1,1,N,0.88,0.9,0.659,-0.105,-10.3,,,,,,,,,,ตรวจหลังแก้: เหลือเอียง +1.9° (ทิศการหมุนแก้ถูก)
8,43.22,move,1,2,N,0.9,1.5,1.273,-0.167,-9.7,792,,,,,,,,,
9,48.5,scan,1,2,N,0.9,1.5,1.274,-0.166,-9.7,794,3000,2450,1063,,185,,999,....,
10,48.5,measured_pose,1,2,N,0.9,1.5,1.274,-0.166,-9.7,,,,,,,,,,
11,55.89,move,0,2,W,0.3,1.5,1.182,-0.588,-10.5,,,,194,,,,,,
12,61.71,scan,0,2,W,0.3,1.5,1.182,-0.586,-10.6,1908,186,1234,201,,146,,146,.W.W,
13,61.71,measured_pose,0,2,W,0.307,1.5,1.182,-0.587,-10.6,,,,,,,,,,
14,61.71,end,0,2,W,0.307,1.5,1.182,-0.587,-10.6,,,,,,,,,,"END cell=(0, 2)  visited 4/36"
