x,y,visited,N,E,S,W
0,0,1,OPEN,WALL,WALL,WALL
1,0,1,OPEN,WALL,WALL,WALL
2,0,0,UNKNOWN,UNKNOWN,WALL,WALL
3,0,0,OPEN,UNKNOWN,WALL,UNKNOWN
4,0,0,UNKNOWN,UNKNOWN,WALL,UNKNOWN
5,0,0,UNKNOWN,WALL,WALL,UNKNOWN
0,1,1,OPEN,WALL,OPEN,WALL
1,1,1,OPEN,WALL,OPEN,WALL
2,1,0,UNKNOWN,WALL,UNKNOWN,WALL
3,1,1,OPEN,WALL,OPEN,WALL
4,1,0,WALL,UNKNOWN,UNKNOWN,WALL
5,1,0,WALL,WALL,UNKNOWN,UNKNOWN
0,2,1,OPEN,OPEN,OPEN,WALL
1,2,1,OPEN,OPEN,OPEN,OPEN
2,2,0,UNKNOWN,OPEN,UNKNOWN,OPEN
3,2,1,WALL,OPEN,OPEN,OPEN
4,2,1,WALL,OPEN,WALL,OPEN
5,2,1,OPEN,WALL,WALL,OPEN
0,3,1,OPEN,OPEN,OPEN,WALL
1,3,1,WALL,OPEN,OPEN,OPEN
2,3,0,WALL,UNKNOWN,UNKNOWN,OPEN
3,3,0,OPEN,UNKNOWN,WALL,UNKNOWN
4,3,0,UNKNOWN,OPEN,WALL,UNKNOWN
5,3,1,OPEN,WALL,OPEN,OPEN
0,4,1,OPEN,OPEN,OPEN,WALL
1,4,1,OPEN,OPEN,WALL,OPEN
2,4,1,WALL,OPEN,WALL,OPEN
3,4,1,OPEN,WALL,OPEN,OPEN
4,4,0,WALL,WALL,UNKNOWN,WALL
5,4,1,OPEN,WALL,OPEN,WALL
0,5,1,WALL,OPEN,OPEN,WALL
1,5,1,WALL,WALL,OPEN,OPEN
2,5,1,WALL,OPEN,WALL,WALL
3,5,1,WALL,OPEN,OPEN,OPEN
4,5,1,WALL,OPEN,WALL,OPEN
5,5,1,WALL,WALL,OPEN,OPEN
