id,color,shape,x_m,y_m,cell_x,cell_y,must_shoot,fired,knocked,triggers,shot_from,n_obs
1,GREEN,CIRCLE,0.515,0.165,0,0,0,0,,0,,2
4,BLUE,HORIZONTAL,1.432,3.583,2,5,1,0,,0,,2
5,BLUE,HORIZONTAL,0.916,3.158,1,5,1,1,,1,"0,5",14
6,RED,CIRCLE,1.011,2.983,1,4,0,0,,0,,14
7,YELLOW,HORIZONTAL,0.946,3.281,1,5,0,0,,0,,13
8,RED,SQUARE,0.987,3.425,1,5,0,0,,0,,13
9,YELLOW,HORIZONTAL,2.321,1.962,3,3,0,0,,0,,2
10,BLUE,VERTICAL,1.991,1.969,3,3,0,0,,0,,2
11,YELLOW,SQUARE,2.155,1.979,3,3,0,0,,0,,2
12,YELLOW,CIRCLE,1.864,1.952,3,3,0,0,,0,,2
13,BLUE,HORIZONTAL,3.516,3.266,5,5,1,0,,0,,18
14,RED,VERTICAL,3.538,3.118,5,5,0,0,,0,,15
15,RED,HORIZONTAL,3.544,3.447,5,5,0,0,,0,,15
16,YELLOW,VERTICAL,1.374,3.262,2,5,0,0,,0,,4
18,GREEN,SQUARE,1.353,3.415,2,5,0,0,,0,,3
21,GREEN,VERTICAL,3.391,3.458,5,5,0,0,,0,,3
22,BLUE,SQUARE,3.243,3.431,5,5,0,0,,0,,3
23,GREEN,CIRCLE,3.094,3.517,5,5,0,0,,0,,3
