t_s,est_x_m,est_y_m,odom_x_m,odom_y_m,cell_x,cell_y,event
0.02,0.9,0.3,0.001,0.002,1,0,start
4.24,0.9,0.3,-0.001,-0.0,1,0,scan
4.24,0.904,0.3,-0.001,-0.0,1,0,measured_pose
20.49,0.9,0.9,0.608,-0.124,1,1,move
24.64,0.9,0.9,0.608,-0.124,1,1,scan
24.64,0.883,0.9,0.608,-0.124,1,1,measured_pose
26.09,0.883,0.9,0.607,-0.122,1,1,align
27.68,0.883,0.9,0.603,-0.123,1,1,align
43.02,0.9,1.5,1.201,-0.226,1,2,move
48.3,0.9,1.5,1.199,-0.225,1,2,scan
49.78,1.057,1.5,1.199,-0.225,1,2,measured_pose
51.6,0.907,1.5,1.18,-0.354,1,2,recenter
60.37,0.3,1.5,1.076,-0.906,0,2,overshoot
60.37,0.3,1.5,1.076,-0.906,0,2,move
68.08,0.3,1.5,1.079,-0.902,0,2,scan
68.08,0.301,1.5,1.079,-0.902,0,2,measured_pose
69.63,0.301,1.5,1.079,-0.902,0,2,align
80.25,0.3,0.9,0.479,-0.735,0,1,move
85.34,0.3,0.9,0.479,-0.738,0,1,scan
85.34,0.321,0.914,0.479,-0.738,0,1,measured_pose
85.58,0.3,0.914,0.479,-0.739,0,1,recenter
87.53,0.278,0.914,0.479,-0.739,0,1,recenter
89.81,0.255,0.914,0.478,-0.736,0,1,recenter
107.19,0.3,0.3,-0.134,-0.656,0,0,move
111.95,0.3,0.3,-0.128,-0.655,0,0,scan
111.95,0.29,0.311,-0.128,-0.655,0,0,measured_pose
129.71,0.3,0.9,0.489,-0.751,0,1,move
132.65,0.3,0.9,0.485,-0.75,0,1,light_scan
132.65,0.311,0.913,0.485,-0.75,0,1,measured_pose
138.49,0.3,1.5,1.079,-0.872,0,2,move
139.63,0.3,1.5,1.078,-0.873,0,2,light_scan
139.63,0.32,1.5,1.078,-0.873,0,2,measured_pose
145.27,0.3,2.1,1.685,-0.942,0,3,move
150.53,0.3,2.1,1.686,-0.944,0,3,scan
150.53,0.308,2.1,1.686,-0.944,0,3,measured_pose
152.11,0.308,2.1,1.686,-0.943,0,3,align
153.71,0.308,2.1,1.685,-0.945,0,3,align
163.67,0.3,2.7,2.304,-1.03,0,4,move
168.57,0.3,2.7,2.304,-1.032,0,4,scan
169.83,0.315,2.612,2.306,-1.033,0,4,measured_pose
171.23,0.315,2.7,2.4,-1.052,0,4,recenter
172.95,0.315,2.7,2.394,-1.049,0,4,align
182.81,0.3,3.3,2.986,-1.141,0,5,move
187.97,0.3,3.3,2.985,-1.142,0,5,scan
187.97,0.317,3.305,2.985,-1.142,0,5,measured_pose
189.21,0.317,3.305,2.986,-1.143,0,5,align
195.87,0.317,3.305,2.984,-1.143,0,5,shoot
210.77,0.9,3.3,3.061,-0.582,1,5,move
215.35,0.9,3.3,3.063,-0.586,1,5,scan
215.36,0.893,3.293,3.063,-0.586,1,5,measured_pose
229.46,0.9,2.7,2.395,-0.625,1,4,move
235.1,0.9,2.7,2.399,-0.624,1,4,scan
236.54,0.794,2.693,2.399,-0.625,1,4,measured_pose
237.86,0.9,2.693,2.413,-0.536,1,4,recenter
240.46,0.9,2.693,2.413,-0.538,1,4,align
253.22,1.5,2.7,2.561,0.03,2,4,move
259.84,1.5,2.7,2.556,0.03,2,4,scan
259.84,1.5,2.7,2.556,0.03,2,4,measured_pose
261.3,1.5,2.7,2.557,0.03,2,4,align
280.76,2.1,2.7,2.714,0.766,3,4,topup
280.77,2.1,2.7,2.714,0.766,3,4,move
286.02,2.1,2.7,2.713,0.768,3,4,scan
286.02,2.084,2.68,2.713,0.768,3,4,measured_pose
287.74,2.084,2.68,2.715,0.768,3,4,align
298.01,2.1,3.3,3.351,0.711,3,5,move
304.48,2.1,3.3,3.356,0.709,3,5,scan
305.35,2.18,3.308,3.355,0.709,3,5,measured_pose
306.39,2.1,3.308,3.341,0.648,3,5,recenter
307.02,2.078,3.308,3.341,0.649,3,5,recenter
307.61,2.056,3.308,3.341,0.648,3,5,recenter
321.81,1.5,3.3,3.245,0.039,2,5,topup
321.81,1.5,3.3,3.245,0.039,2,5,move
327.5,1.5,3.3,3.241,0.046,2,5,scan
327.5,1.518,3.318,3.241,0.046,2,5,measured_pose
328.87,1.518,3.318,3.241,0.047,2,5,align
345.03,2.1,3.3,3.315,0.626,3,5,move
346.89,2.1,3.3,3.314,0.624,3,5,light_scan
346.89,2.078,3.286,3.314,0.624,3,5,measured_pose
347.07,2.1,3.286,3.314,0.624,3,5,recenter
354.19,2.7,3.3,3.39,1.196,4,5,move
361.07,2.7,3.3,3.393,1.194,4,5,scan
361.07,2.7,3.3,3.393,1.194,4,5,measured_pose
383.33,3.3,3.3,3.534,1.948,5,5,topup
383.33,3.3,3.3,3.534,1.948,5,5,move
388.73,3.3,3.3,3.532,1.948,5,5,scan
388.73,3.299,3.341,3.532,1.948,5,5,measured_pose
389.37,3.299,3.3,3.508,1.953,5,5,recenter
391.21,3.299,3.3,3.521,1.953,5,5,align
404.65,3.3,2.7,2.87,2.002,5,4,move
409.39,3.3,2.7,2.872,2.0,5,4,scan
409.39,3.291,2.667,2.872,2.0,5,4,measured_pose
411.4,3.291,2.7,2.789,2.001,5,4,recenter
415.75,3.291,2.815,2.913,1.975,5,4,recenter
433.37,3.3,2.1,2.274,2.123,5,3,move
439.06,3.3,2.1,2.273,2.125,5,3,scan
439.06,3.301,2.1,2.273,2.125,5,3,measured_pose
451.34,3.3,1.5,1.649,2.189,5,2,move
457.05,3.3,1.5,1.65,2.187,5,2,scan
457.05,3.3,1.488,1.65,2.187,5,2,measured_pose
459.23,3.3,1.488,1.649,2.186,5,2,align
475.52,2.7,1.5,1.579,1.607,4,2,move
482.25,2.7,1.5,1.578,1.606,4,2,scan
482.26,2.7,1.505,1.578,1.605,4,2,measured_pose
483.72,2.7,1.505,1.577,1.603,4,2,align
500.02,2.1,1.5,1.454,1.034,3,2,move
506.96,2.1,1.5,1.449,1.032,3,2,scan
506.96,2.1,1.484,1.449,1.032,3,2,measured_pose
508.34,2.1,1.484,1.451,1.035,3,2,align
518.96,2.1,0.9,0.797,1.126,3,1,move
523.6,2.1,0.9,0.794,1.126,3,1,scan
523.6,2.158,0.861,0.794,1.126,3,1,measured_pose
524.58,2.1,0.9,0.82,1.075,3,1,recenter
527.72,2.1,0.9,0.808,1.076,3,1,end
611.19,0.9,0.3,0.0,0.0,1,0,round2
611.2,0.9,0.3,0.0,0.0,1,0,goto
616.77,0.9,0.9,0.639,-0.105,1,1,move
619.68,0.9,0.9,0.637,-0.104,1,1,light_scan
619.68,0.889,0.9,0.637,-0.104,1,1,measured_pose
621.36,0.889,0.9,0.634,-0.102,1,1,align
622.98,0.889,0.9,0.632,-0.102,1,1,align
628.62,0.9,1.5,1.29,-0.118,1,2,move
629.94,0.9,1.5,1.291,-0.118,1,2,light_scan
630.74,1.074,1.551,1.291,-0.118,1,2,measured_pose
632.95,0.924,1.5,1.231,-0.245,1,2,recenter
635.09,0.885,1.5,1.242,-0.276,1,2,recenter
640.51,0.9,2.1,1.811,-0.301,1,3,move
645.48,0.9,2.1,1.81,-0.302,1,3,scan
645.48,0.896,2.094,1.81,-0.302,1,3,measured_pose
646.79,0.896,2.094,1.81,-0.302,1,3,align
648.4,0.896,2.094,1.81,-0.302,1,3,align
659.57,0.3,2.1,1.741,-0.917,0,3,move
660.08,0.3,2.1,1.741,-0.917,0,3,light_scan
660.08,0.292,2.1,1.741,-0.917,0,3,measured_pose
666.04,0.3,2.7,2.393,-0.969,0,4,move
667.57,0.3,2.7,2.391,-0.97,0,4,light_scan
667.57,0.32,2.669,2.391,-0.97,0,4,measured_pose
668.36,0.32,2.7,2.45,-0.979,0,4,recenter
669.51,0.32,2.67,2.433,-0.976,0,4,recenter
674.99,0.3,3.3,3.029,-1.051,0,5,move
676.51,0.3,3.3,3.031,-1.051,0,5,light_scan
676.51,0.297,3.319,3.031,-1.051,0,5,measured_pose
682.93,0.297,3.319,3.029,-1.049,0,5,shoot
684.52,0.297,3.319,3.031,-1.048,0,5,arrived
684.72,0.297,3.319,3.03,-1.048,0,5,goto
691.09,0.3,2.7,2.38,-0.985,0,4,move
693.01,0.3,2.7,2.38,-0.983,0,4,light_scan
693.01,0.295,2.66,2.38,-0.983,0,4,measured_pose
693.51,0.295,2.7,2.406,-0.986,0,4,recenter
702.41,0.9,2.7,2.568,-0.339,1,4,move
704.59,0.9,2.7,2.57,-0.338,1,4,light_scan
708.07,0.985,2.846,2.571,-0.336,1,4,measured_pose
710.17,0.9,2.7,2.411,-0.384,1,4,recenter
720.11,1.5,2.7,2.553,0.263,2,4,move
722.79,1.5,2.7,2.553,0.264,2,4,light_scan
722.79,1.456,2.692,2.553,0.264,2,4,measured_pose
723.35,1.5,2.692,2.558,0.288,2,4,recenter
723.93,1.523,2.692,2.557,0.288,2,4,recenter
724.45,1.546,2.692,2.557,0.287,2,4,recenter
730.29,2.1,2.7,2.681,0.845,3,4,move
733.13,2.1,2.7,2.681,0.844,3,4,light_scan
733.13,2.083,2.715,2.681,0.844,3,4,measured_pose
734.33,2.083,2.715,2.682,0.844,3,4,align
740.07,2.1,3.3,3.31,0.817,3,5,move
741.29,2.1,3.3,3.311,0.817,3,5,light_scan
742.03,2.186,3.307,3.313,0.817,3,5,measured_pose
743.33,2.1,3.307,3.306,0.739,3,5,recenter
750.79,2.7,3.3,3.391,1.384,4,5,move
753.43,2.7,3.3,3.391,1.383,4,5,light_scan
754.25,2.542,3.299,3.393,1.383,4,5,measured_pose
756.11,2.692,3.299,3.43,1.514,4,5,recenter
756.45,2.692,3.299,3.433,1.513,4,5,arrived
771.36,2.692,3.299,3.434,1.512,4,5,shoot_plan
771.36,2.692,3.299,3.434,1.512,4,5,round2_end
