type,i,j,state,logodds
V,0,0,WALL,6.0
V,0,1,WALL,6.0
V,0,2,WALL,6.0
V,0,3,WALL,6.0
V,0,4,WALL,6.0
V,0,5,WALL,6.0
V,1,0,WALL,2.0
V,1,1,WALL,2.0
V,1,2,OPEN,-6.0
V,1,3,OPEN,-6.0
V,1,4,OPEN,-6.0
V,1,5,OPEN,-6.0
V,2,0,WALL,1.0
V,2,1,WALL,1.0
V,2,2,OPEN,-1.0
V,2,3,OPEN,-1.0
V,2,4,OPEN,-6.0
V,2,5,WALL,2.0
V,3,0,UNKNOWN,0.0
V,3,1,WALL,1.0
V,3,2,OPEN,-1.0
V,3,3,UNKNOWN,0.0
V,3,4,OPEN,-6.0
V,3,5,OPEN,-6.0
V,4,0,UNKNOWN,0.0
V,4,1,WALL,1.0
V,4,2,OPEN,-6.0
V,4,3,UNKNOWN,0.0
V,4,4,WALL,1.0
V,4,5,OPEN,-6.0
V,5,0,UNKNOWN,0.0
V,5,1,UNKNOWN,0.0
V,5,2,OPEN,-6.0
V,5,3,OPEN,-1.0
V,5,4,WALL,1.0
V,5,5,OPEN,-6.0
V,6,0,WALL,6.0
V,6,1,WALL,6.0
V,6,2,WALL,6.0
V,6,3,WALL,6.0
V,6,4,WALL,6.0
V,6,5,WALL,6.0
H,0,0,WALL,6.0
H,0,1,OPEN,-6.0
H,0,2,OPEN,-6.0
H,0,3,OPEN,-6.0
H,0,4,OPEN,-6.0
H,0,5,OPEN,-6.0
H,0,6,WALL,6.0
H,1,0,WALL,6.0
H,1,1,OPEN,-6.0
H,1,2,OPEN,-6.0
H,1,3,OPEN,-6.0
H,1,4,WALL,2.0
H,1,5,OPEN,-6.0
H,1,6,WALL,6.0
H,2,0,WALL,6.0
H,2,1,UNKNOWN,0.0
H,2,2,UNKNOWN,0.0
H,2,3,UNKNOWN,0.0
H,2,4,WALL,1.0
H,2,5,WALL,2.0
H,2,6,WALL,6.0
H,3,0,WALL,6.0
H,3,1,OPEN,-1.0
H,3,2,OPEN,-6.0
H,3,3,WALL,1.0
H,3,4,OPEN,-1.0
H,3,5,OPEN,-6.0
H,3,6,WALL,6.0
H,4,0,WALL,6.0
H,4,1,UNKNOWN,0.0
H,4,2,WALL,1.0
H,4,3,WALL,1.0
H,4,4,UNKNOWN,0.0
H,4,5,WALL,1.0
H,4,6,WALL,6.0
H,5,0,WALL,6.0
H,5,1,UNKNOWN,0.0
H,5,2,WALL,1.0
H,5,3,OPEN,-6.0
H,5,4,OPEN,-6.0
H,5,5,OPEN,-6.0
H,5,6,WALL,6.0
