phase,episode,step,state,selected_action,executed_action,mode,reward,next_state,terminal,epsilon,old_q,target,td_error,new_q
train,1,1,"3,0",UP,UP,exploit,-0.04,"2,0",False,0.05,0.0,-0.04,-0.04,-0.02
train,1,2,"2,0",UP,LEFT,exploit,-0.2,"2,0",False,0.05,0.0,-0.2,-0.2,-0.1
train,1,3,"2,0",DOWN,RIGHT,exploit,-0.2,"2,0",False,0.05,0.0,-0.2,-0.2,-0.1
train,1,4,"2,0",RIGHT,RIGHT,explore,-0.2,"2,0",False,0.05,0.0,-0.2,-0.2,-0.1
train,1,5,"2,0",LEFT,LEFT,exploit,-0.2,"2,0",False,0.05,0.0,-0.2,-0.2,-0.1
train,1,6,"2,0",UP,UP,exploit,-0.04,"1,0",False,0.05,-0.1,-0.04,0.060000000000000005,-0.07
train,1,7,"1,0",UP,UP,exploit,-0.04,"0,0",False,0.05,0.0,-0.04,-0.04,-0.02
train,1,8,"0,0",UP,RIGHT,exploit,-0.04,"0,1",False,0.05,0.0,-0.04,-0.04,-0.02
train,1,9,"0,1",DOWN,RIGHT,explore,-0.04,"0,2",False,0.05,0.0,-0.04,-0.04,-0.02
train,1,10,"0,2",UP,LEFT,exploit,-0.04,"0,1",False,0.05,0.0,-0.04,-0.04,-0.02
train,1,11,"0,1",UP,UP,exploit,-0.2,"0,1",False,0.05,0.0,-0.2,-0.2,-0.1
train,1,12,"0,1",LEFT,DOWN,exploit,-0.2,"0,1",False,0.05,0.0,-0.2,-0.2,-0.1
train,2,1,"3,0",DOWN,DOWN,exploit,-0.2,"3,0",False,0.05,0.0,-0.2,-0.2,-0.1
train,2,2,"3,0",LEFT,DOWN,exploit,-0.2,"3,0",False,0.05,0.0,-0.2,-0.2,-0.1
train,2,3,"3,0",RIGHT,RIGHT,exploit,-0.04,"3,1",False,0.05,0.0,-0.04,-0.04,-0.02
train,2,4,"3,1",UP,UP,exploit,-0.2,"3,1",False,0.05,0.0,-0.2,-0.2,-0.1
train,2,5,"3,1",DOWN,DOWN,exploit,-0.2,"3,1",False,0.05,0.0,-0.2,-0.2,-0.1
train,2,6,"3,1",LEFT,LEFT,exploit,-0.04,"3,0",False,0.05,0.0,-0.058,-0.058,-0.029
train,2,7,"3,0",UP,RIGHT,exploit,-0.04,"3,1",False,0.05,-0.02,-0.04,-0.02,-0.03
train,2,8,"3,1",RIGHT,RIGHT,exploit,-0.04,"3,2",False,0.05,0.0,-0.04,-0.04,-0.02
train,2,9,"3,2",UP,UP,exploit,-1.0,"2,2",True,0.05,0.0,-1.0,-1.0,-0.5
train,3,1,"3,0",RIGHT,DOWN,exploit,-0.2,"3,0",False,0.05,-0.02,-0.21800000000000003,-0.19800000000000004,-0.11900000000000002
train,3,2,"3,0",UP,UP,exploit,-0.04,"2,0",False,0.05,-0.03,-0.10300000000000001,-0.07300000000000001,-0.0665
train,3,3,"2,0",UP,UP,exploit,-0.04,"1,0",False,0.05,-0.07,-0.04,0.030000000000000006,-0.05500000000000001
train,3,4,"1,0",DOWN,LEFT,exploit,-0.2,"1,0",False,0.05,0.0,-0.2,-0.2,-0.1
train,3,5,"1,0",LEFT,LEFT,exploit,-0.2,"1,0",False,0.05,0.0,-0.2,-0.2,-0.1
train,3,6,"1,0",RIGHT,RIGHT,exploit,-0.2,"1,0",False,0.05,0.0,-0.2,-0.2,-0.1
train,3,7,"1,0",UP,RIGHT,exploit,-0.2,"1,0",False,0.05,-0.02,-0.21800000000000003,-0.19800000000000004,-0.11900000000000002
train,3,8,"1,0",DOWN,DOWN,exploit,-0.04,"2,0",False,0.05,-0.1,-0.08950000000000001,0.010499999999999995,-0.09475
train,3,9,"2,0",UP,UP,exploit,-0.04,"1,0",False,0.05,-0.05500000000000001,-0.125275,-0.07027499999999999,-0.09013750000000001
train,3,10,"1,0",DOWN,DOWN,exploit,-0.04,"2,0",False,0.05,-0.09475,-0.12112375,-0.02637375,-0.107936875
train,3,11,"2,0",UP,UP,exploit,-0.04,"1,0",False,0.05,-0.09013750000000001,-0.13,-0.039862499999999995,-0.11006875
train,3,12,"1,0",LEFT,LEFT,exploit,-0.2,"1,0",False,0.05,-0.1,-0.29000000000000004,-0.19000000000000003,-0.195
train,4,1,"3,0",RIGHT,RIGHT,explore,-0.04,"3,1",False,0.05,-0.11900000000000002,-0.058,0.06100000000000002,-0.08850000000000001
train,4,2,"3,1",RIGHT,RIGHT,exploit,-0.04,"3,2",False,0.05,-0.02,-0.04,-0.02,-0.03
train,4,3,"3,2",DOWN,DOWN,exploit,-0.2,"3,2",False,0.05,0.0,-0.2,-0.2,-0.1
train,4,4,"3,2",LEFT,LEFT,exploit,-0.04,"3,1",False,0.05,0.0,-0.0661,-0.0661,-0.03305
train,4,5,"3,1",LEFT,LEFT,exploit,-0.04,"3,0",False,0.05,-0.029,-0.09985000000000001,-0.07085000000000001,-0.06442500000000001
train,4,6,"3,0",UP,UP,exploit,-0.04,"2,0",False,0.05,-0.0665,-0.13,-0.0635,-0.09825
train,4,7,"2,0",DOWN,LEFT,exploit,-0.2,"2,0",False,0.05,-0.1,-0.29000000000000004,-0.19000000000000003,-0.195
train,4,8,"2,0",LEFT,LEFT,exploit,-0.2,"2,0",False,0.05,-0.1,-0.29000000000000004,-0.19000000000000003,-0.195
train,4,9,"2,0",RIGHT,RIGHT,exploit,-0.2,"2,0",False,0.05,-0.1,-0.29000000000000004,-0.19000000000000003,-0.195
train,4,10,"2,0",UP,UP,exploit,-0.04,"1,0",False,0.05,-0.11006875,-0.13,-0.019931249999999998,-0.120034375
train,4,11,"1,0",RIGHT,RIGHT,exploit,-0.2,"1,0",False,0.05,-0.1,-0.29000000000000004,-0.19000000000000003,-0.195
train,4,12,"1,0",DOWN,DOWN,exploit,-0.04,"2,0",False,0.05,-0.107936875,-0.14803093750000001,-0.04009406250000001,-0.12798390625
train,5,1,"3,0",RIGHT,RIGHT,exploit,-0.04,"3,1",False,0.05,-0.08850000000000001,-0.067,0.021500000000000005,-0.07775000000000001
train,5,2,"3,1",RIGHT,DOWN,exploit,-0.2,"3,1",False,0.05,-0.03,-0.227,-0.197,-0.1285
train,5,3,"3,1",LEFT,LEFT,exploit,-0.04,"3,0",False,0.05,-0.06442500000000001,-0.10997500000000002,-0.04555000000000001,-0.08720000000000001
train,5,4,"3,0",RIGHT,UP,exploit,-0.04,"2,0",False,0.05,-0.07775000000000001,-0.14803093750000001,-0.0702809375,-0.11289046875000001
train,5,5,"2,0",UP,UP,exploit,-0.04,"1,0",False,0.05,-0.120034375,-0.14710000000000004,-0.027065625000000038,-0.13356718750000002
train,5,6,"1,0",UP,UP,exploit,-0.04,"0,0",False,0.05,-0.11900000000000002,-0.04,0.07900000000000001,-0.07950000000000002
train,5,7,"0,0",DOWN,DOWN,exploit,-0.04,"1,0",False,0.05,0.0,-0.11155000000000001,-0.11155000000000001,-0.055775000000000005
train,5,8,"1,0",UP,UP,exploit,-0.04,"0,0",False,0.05,-0.07950000000000002,-0.04,0.039500000000000014,-0.05975000000000001
train,5,9,"0,0",LEFT,LEFT,exploit,-0.2,"0,0",False,0.05,0.0,-0.2,-0.2,-0.1
train,5,10,"0,0",RIGHT,RIGHT,exploit,-0.04,"0,1",False,0.05,0.0,-0.04,-0.04,-0.02
train,5,11,"0,1",RIGHT,RIGHT,exploit,-0.04,"0,2",False,0.05,0.0,-0.04,-0.04,-0.02
train,5,12,"0,2",DOWN,DOWN,exploit,-0.04,"1,2",False,0.05,0.0,-0.04,-0.04,-0.02
train,6,1,"3,0",UP,UP,exploit,-0.04,"2,0",False,0.05,-0.09825,-0.16021046875000003,-0.061960468750000025,-0.12923023437500003
train,6,2,"2,0",UP,LEFT,exploit,-0.2,"2,0",False,0.05,-0.13356718750000002,-0.32021046875000003,-0.18664328125000001,-0.22688882812500002
train,6,3,"2,0",DOWN,LEFT,exploit,-0.2,"2,0",False,0.05,-0.195,-0.37550000000000006,-0.18050000000000005,-0.28525
train,6,4,"2,0",LEFT,LEFT,exploit,-0.2,"2,0",False,0.05,-0.195,-0.37550000000000006,-0.18050000000000005,-0.28525
train,6,5,"2,0",RIGHT,DOWN,exploit,-0.04,"3,0",False,0.05,-0.195,-0.13,0.065,-0.1625
train,6,6,"3,0",DOWN,DOWN,exploit,-0.2,"3,0",False,0.05,-0.1,-0.29000000000000004,-0.19000000000000003,-0.195
train,6,7,"3,0",LEFT,DOWN,exploit,-0.2,"3,0",False,0.05,-0.1,-0.29000000000000004,-0.19000000000000003,-0.195
train,6,8,"3,0",RIGHT,RIGHT,exploit,-0.04,"3,1",False,0.05,-0.11289046875000001,-0.11848,-0.005589531249999988,-0.115685234375
train,6,9,"3,1",LEFT,LEFT,exploit,-0.04,"3,0",False,0.05,-0.08720000000000001,-0.1441167109375,-0.05691671093749999,-0.11565835546875
train,6,10,"3,0",RIGHT,RIGHT,exploit,-0.04,"3,1",False,0.05,-0.115685234375,-0.13,-0.014314765625000003,-0.1228426171875
train,6,11,"3,1",UP,UP,exploit,-0.2,"3,1",False,0.05,-0.1,-0.29000000000000004,-0.19000000000000003,-0.195
train,6,12,"3,1",DOWN,DOWN,exploit,-0.2,"3,1",False,0.05,-0.1,-0.29000000000000004,-0.19000000000000003,-0.195
train,7,1,"3,0",RIGHT,RIGHT,exploit,-0.04,"3,1",False,0.05,-0.1228426171875,-0.144092519921875,-0.021249902734374992,-0.1334675685546875
train,7,2,"3,1",LEFT,UP,exploit,-0.2,"3,1",False,0.05,-0.11565835546875,-0.304092519921875,-0.18843416445312502,-0.20987543769531253
train,7,3,"3,1",RIGHT,RIGHT,exploit,-0.04,"3,2",False,0.05,-0.1285,-0.04,0.0885,-0.08425
train,7,4,"3,2",RIGHT,RIGHT,exploit,-0.04,"3,3",False,0.05,0.0,-0.04,-0.04,-0.02
train,7,5,"3,3",UP,UP,exploit,-0.04,"2,3",False,0.05,0.0,-0.04,-0.04,-0.02
train,7,6,"2,3",UP,UP,exploit,-0.04,"1,3",False,0.05,0.0,-0.04,-0.04,-0.02
train,7,7,"1,3",UP,UP,exploit,1.0,"0,3",True,0.05,0.0,1.0,1.0,0.5
train,8,1,"3,0",UP,UP,exploit,-0.04,"2,0",False,0.05,-0.12923023437500003,-0.18625000000000003,-0.057019765624999996,-0.15774011718750003
train,8,2,"2,0",RIGHT,RIGHT,exploit,-0.2,"2,0",False,0.05,-0.1625,-0.34625000000000006,-0.18375000000000005,-0.254375
train,8,3,"2,0",UP,UP,exploit,-0.04,"1,0",False,0.05,-0.22688882812500002,-0.09377500000000001,0.133113828125,-0.16033191406250002
train,8,4,"1,0",UP,UP,exploit,-0.04,"0,0",False,0.05,-0.05975000000000001,-0.058,0.0017500000000000085,-0.05887500000000001
train,8,5,"0,0",UP,UP,exploit,-0.2,"0,0",False,0.05,-0.02,-0.21800000000000003,-0.19800000000000004,-0.11900000000000002
train,8,6,"0,0",RIGHT,RIGHT,exploit,-0.04,"0,1",False,0.05,-0.02,-0.058,-0.038000000000000006,-0.03900000000000001
train,8,7,"0,1",DOWN,DOWN,exploit,-0.2,"0,1",False,0.05,-0.02,-0.21800000000000003,-0.19800000000000004,-0.11900000000000002
train,8,8,"0,1",RIGHT,RIGHT,exploit,-0.04,"0,2",False,0.05,-0.02,-0.04,-0.02,-0.03
train,8,9,"0,2",LEFT,DOWN,exploit,-0.04,"1,2",False,0.05,0.0,-0.04,-0.04,-0.02
train,8,10,"1,2",UP,UP,exploit,-0.04,"0,2",False,0.05,0.0,-0.04,-0.04,-0.02
train,8,11,"0,2",RIGHT,RIGHT,exploit,1.0,"0,3",True,0.05,0.0,1.0,1.0,0.5
train,9,1,"3,0",RIGHT,RIGHT,exploit,-0.04,"3,1",False,0.05,-0.1334675685546875,-0.11582500000000001,0.017642568554687488,-0.12464628427734376
train,9,2,"3,1",RIGHT,RIGHT,exploit,-0.04,"3,2",False,0.05,-0.08425,-0.058,0.026250000000000002,-0.07112500000000001
train,9,3,"3,2",RIGHT,UP,exploit,-1.0,"2,2",True,0.05,-0.02,-1.0,-0.98,-0.51
train,10,1,"3,0",RIGHT,RIGHT,exploit,-0.04,"3,1",False,0.05,-0.12464628427734376,-0.10401250000000001,0.020633784277343747,-0.11432939213867188
train,10,2,"3,1",RIGHT,RIGHT,exploit,-0.04,"3,2",False,0.05,-0.07112500000000001,-0.069745,0.0013800000000000062,-0.070435
train,10,3,"3,2",LEFT,LEFT,exploit,-0.04,"3,1",False,0.05,-0.03305,-0.1033915,-0.0703415,-0.06822075
train,10,4,"3,1",RIGHT,RIGHT,exploit,-0.04,"3,2",False,0.05,-0.070435,-0.101398675,-0.030963674999999996,-0.0859168375
train,10,5,"3,2",LEFT,LEFT,exploit,-0.04,"3,1",False,0.05,-0.06822075,-0.11732515375,-0.04910440375,-0.092772951875
train,10,6,"3,1",RIGHT,RIGHT,exploit,-0.04,"3,2",False,0.05,-0.0859168375,-0.12349565668750001,-0.037578819187500015,-0.10470624709375001
train,10,7,"3,2",LEFT,LEFT,exploit,-0.04,"3,1",False,0.05,-0.092772951875,-0.134235622384375,-0.04146267050937501,-0.11350428712968749
train,10,8,"3,1",RIGHT,RIGHT,exploit,-0.04,"3,2",False,0.05,-0.10470624709375001,-0.13,-0.025293752906249994,-0.11735312354687501
train,10,9,"3,2",DOWN,DOWN,exploit,-0.2,"3,2",False,0.05,-0.1,-0.29000000000000004,-0.19000000000000003,-0.195
train,10,10,"3,2",LEFT,LEFT,exploit,-0.04,"3,1",False,0.05,-0.11350428712968749,-0.1456178111921875,-0.03211352406250001,-0.1295610491609375
train,10,11,"3,1",RIGHT,RIGHT,exploit,-0.04,"3,2",False,0.05,-0.11735312354687501,-0.15660494424484375,-0.039251820697968745,-0.1369790338958594
train,10,12,"3,2",LEFT,LEFT,exploit,-0.04,"3,1",False,0.05,-0.1295610491609375,-0.16328113050627346,-0.03372008134533597,-0.14642108983360547
train,11,1,"3,0",RIGHT,UP,exploit,-0.04,"2,0",False,0.05,-0.11432939213867188,-0.18429872265625002,-0.06996933051757814,-0.14931405739746095
train,11,2,"2,0",UP,UP,exploit,-0.04,"1,0",False,0.05,-0.16033191406250002,-0.09298750000000001,0.06734441406250001,-0.12665970703125
train,11,3,"1,0",UP,UP,exploit,-0.04,"0,0",False,0.05,-0.05887500000000001,-0.0751,-0.01622499999999999,-0.0669875
train,11,4,"0,0",RIGHT,RIGHT,exploit,-0.04,"0,1",False,0.05,-0.03900000000000001,-0.067,-0.027999999999999997,-0.053000000000000005
train,11,5,"0,1",RIGHT,RIGHT,exploit,-0.04,"0,2",False,0.05,-0.03,0.41000000000000003,0.44000000000000006,0.19000000000000003
train,11,6,"0,2",RIGHT,RIGHT,exploit,1.0,"0,3",True,0.05,0.5,1.0,0.5,0.75
train,12,1,"3,0",RIGHT,RIGHT,exploit,-0.04,"3,1",False,0.05,-0.14931405739746095,-0.16328113050627346,-0.013967073108812511,-0.1562975939518672
train,12,2,"3,1",RIGHT,RIGHT,exploit,-0.04,"3,2",False,0.05,-0.1369790338958594,-0.17177898085024493,-0.03479994695438554,-0.15437900737305216
train,12,3,"3,2",LEFT,LEFT,exploit,-0.04,"3,1",False,0.05,-0.14642108983360547,-0.17894110663574694,-0.03252001680214148,-0.1626810982346762
train,12,4,"3,1",RIGHT,RIGHT,exploit,-0.04,"3,2",False,0.05,-0.15437900737305216,-0.1864129884112086,-0.03203398103815644,-0.1703959978921304
train,12,5,"3,2",LEFT,LEFT,exploit,-0.04,"3,1",False,0.05,-0.1626810982346762,-0.19335639810291735,-0.030675299868241163,-0.17801874816879676
train,12,6,"3,1",RIGHT,RIGHT,exploit,-0.04,"3,2",False,0.05,-0.1703959978921304,-0.2002168733519171,-0.029820875459786705,-0.18530643562202376
train,12,7,"3,2",LEFT,UP,exploit,-1.0,"2,2",True,0.05,-0.17801874816879676,-1.0,-0.8219812518312033,-0.5890093740843985
train,13,1,"3,0",RIGHT,RIGHT,exploit,-0.04,"3,1",False,0.05,-0.1562975939518672,-0.20677579205982138,-0.050478198107954175,-0.1815366930058443
train,13,2,"3,1",RIGHT,UP,exploit,-0.2,"3,1",False,0.05,-0.18530643562202376,-0.36677579205982136,-0.1814693564377976,-0.27604111384092256
train,13,3,"3,1",UP,UP,exploit,-0.2,"3,1",False,0.05,-0.195,-0.37550000000000006,-0.18050000000000005,-0.28525
train,13,4,"3,1",DOWN,DOWN,exploit,-0.2,"3,1",False,0.05,-0.195,-0.37550000000000006,-0.18050000000000005,-0.28525
train,13,5,"3,1",LEFT,LEFT,exploit,-0.04,"3,0",False,0.05,-0.20987543769531253,-0.18196610546875003,0.0279093322265625,-0.19592077158203128
train,13,6,"3,0",UP,LEFT,exploit,-0.2,"3,0",False,0.05,-0.15774011718750003,-0.34196610546875006,-0.18422598828125003,-0.24985311132812504
train,13,7,"3,0",RIGHT,RIGHT,exploit,-0.04,"3,1",False,0.05,-0.1815366930058443,-0.21632869442382816,-0.03479200141798386,-0.19893269371483624
train,13,8,"3,1",LEFT,LEFT,exploit,-0.04,"3,0",False,0.05,-0.19592077158203128,-0.21550000000000002,-0.019579228417968747,-0.20571038579101564
train,13,9,"3,0",DOWN,DOWN,exploit,-0.2,"3,0",False,0.05,-0.195,-0.37550000000000006,-0.18050000000000005,-0.28525
train,13,10,"3,0",LEFT,LEFT,exploit,-0.2,"3,0",False,0.05,-0.195,-0.37550000000000006,-0.18050000000000005,-0.28525
train,13,11,"3,0",RIGHT,RIGHT,exploit,-0.04,"3,1",False,0.05,-0.19893269371483624,-0.2251393472119141,-0.026206653497077848,-0.21203602046337516
train,13,12,"3,1",LEFT,LEFT,exploit,-0.04,"3,0",False,0.05,-0.20571038579101564,-0.23083241841703767,-0.02512203262602203,-0.21827140210402665
train,14,1,"3,0",RIGHT,RIGHT,exploit,-0.04,"3,1",False,0.05,-0.21203602046337516,-0.236444261893624,-0.024408241430248834,-0.22424014117849958
train,14,2,"3,1",LEFT,LEFT,exploit,-0.04,"3,0",False,0.05,-0.21827140210402665,-0.24181612706064964,-0.023544724956622992,-0.23004376458233816
train,14,3,"3,0",RIGHT,RIGHT,exploit,-0.04,"3,1",False,0.05,-0.22424014117849958,-0.24703938812410436,-0.022799246945604784,-0.23563976465130199
train,14,4,"3,1",LEFT,LEFT,exploit,-0.04,"3,0",False,0.05,-0.23004376458233816,-0.25207578818617177,-0.022032023603833606,-0.24105977638425496
train,14,5,"3,0",RIGHT,RIGHT,exploit,-0.04,"3,1",False,0.05,-0.23563976465130199,-0.25695379874582946,-0.02131403409452748,-0.24629678169856573
train,14,6,"3,1",LEFT,DOWN,exploit,-0.2,"3,1",False,0.05,-0.24105977638425496,-0.4169537987458295,-0.17589402236157453,-0.3290067875650422
train,14,7,"3,1",RIGHT,RIGHT,exploit,-0.04,"3,2",False,0.05,-0.27604111384092256,-0.21550000000000002,0.060541113840922534,-0.2457705569204613
train,14,8,"3,2",DOWN,DOWN,exploit,-0.2,"3,2",False,0.05,-0.195,-0.37550000000000006,-0.18050000000000005,-0.28525
train,14,9,"3,2",DOWN,DOWN,exploit,-0.2,"3,2",False,0.05,-0.28525,-0.45672500000000005,-0.17147500000000004,-0.3709875
train,14,10,"3,2",DOWN,DOWN,exploit,-0.2,"3,2",False,0.05,-0.3709875,-0.53388875,-0.16290125,-0.452438125
train,14,11,"3,2",DOWN,DOWN,exploit,-0.2,"3,2",False,0.05,-0.452438125,-0.6071943125000001,-0.1547561875000001,-0.5298162187500001
train,14,12,"3,2",UP,UP,exploit,-1.0,"2,2",True,0.05,-0.5,-1.0,-0.5,-0.75
train,15,1,"3,0",RIGHT,RIGHT,exploit,-0.04,"3,1",False,0.05,-0.24629678169856573,-0.26119350122841517,-0.014896719529849445,-0.2537451414634905
train,15,2,"3,1",RIGHT,DOWN,exploit,-0.2,"3,1",False,0.05,-0.2457705569204613,-0.42119350122841515,-0.17542294430795385,-0.33348202907443825
train,15,3,"3,1",UP,UP,exploit,-0.2,"3,1",False,0.05,-0.28525,-0.45672500000000005,-0.17147500000000004,-0.3709875
train,15,4,"3,1",DOWN,DOWN,exploit,-0.2,"3,1",False,0.05,-0.28525,-0.45672500000000005,-0.17147500000000004,-0.3709875
train,15,5,"3,1",LEFT,LEFT,exploit,-0.04,"3,0",False,0.05,-0.3290067875650422,-0.26486780019531253,0.06413898736972967,-0.29693729388017737
train,15,6,"3,0",UP,UP,exploit,-0.04,"2,0",False,0.05,-0.24985311132812504,-0.15399373632812502,0.09585937500000002,-0.20192342382812503
train,15,7,"2,0",UP,UP,exploit,-0.04,"1,0",False,0.05,-0.12665970703125,-0.10028875000000001,0.026370957031250003,-0.11347422851562501
train,15,8,"1,0",UP,UP,exploit,-0.04,"0,0",False,0.05,-0.0669875,-0.0877,-0.020712499999999995,-0.07734375
train,15,9,"0,0",RIGHT,RIGHT,exploit,-0.04,"0,1",False,0.05,-0.053000000000000005,0.13100000000000003,0.18400000000000005,0.03900000000000002
train,15,10,"0,1",RIGHT,RIGHT,exploit,-0.04,"0,2",False,0.05,0.19000000000000003,0.635,0.44499999999999995,0.4125
train,15,11,"0,2",RIGHT,UP,exploit,-0.2,"0,2",False,0.05,0.75,0.47500000000000003,-0.27499999999999997,0.6125
train,15,12,"0,2",RIGHT,DOWN,exploit,-0.04,"1,2",False,0.05,0.6125,-0.04,-0.6525000000000001,0.28625
train,16,1,"3,0",UP,UP,exploit,-0.04,"2,0",False,0.05,-0.20192342382812503,-0.14212680566406252,0.05979661816406251,-0.17202511474609378
train,16,2,"2,0",UP,UP,exploit,-0.04,"1,0",False,0.05,-0.11347422851562501,-0.10960937500000001,0.0038648535156250025,-0.1115418017578125
train,16,3,"1,0",UP,UP,exploit,-0.04,"0,0",False,0.05,-0.07734375,-0.004899999999999981,0.07244375000000003,-0.04112187499999999
train,16,4,"0,0",RIGHT,RIGHT,exploit,-0.04,"0,1",False,0.05,0.03900000000000002,0.33125,0.29224999999999995,0.18512499999999998
train,16,5,"0,1",RIGHT,RIGHT,exploit,-0.04,"0,2",False,0.05,0.4125,0.21762499999999999,-0.194875,0.31506249999999997
train,16,6,"0,2",RIGHT,RIGHT,exploit,1.0,"0,3",True,0.05,0.28625,1.0,0.71375,0.643125
train,17,1,"3,0",UP,UP,exploit,-0.04,"2,0",False,0.05,-0.17202511474609378,-0.14038762158203125,0.03163749316406253,-0.15620636816406253
train,17,2,"2,0",UP,UP,exploit,-0.04,"1,0",False,0.05,-0.1115418017578125,-0.0770096875,0.03453211425781251,-0.09427574462890626
train,17,3,"1,0",UP,UP,exploit,-0.04,"0,0",False,0.05,-0.04112187499999999,0.1266125,0.167734375,0.04274531250000001
train,17,4,"0,0",UP,UP,explore,-0.2,"0,0",False,0.05,-0.11900000000000002,-0.033387500000000014,0.08561250000000001,-0.07619375000000002
train,17,5,"0,0",RIGHT,RIGHT,exploit,-0.04,"0,1",False,0.05,0.18512499999999998,0.24355624999999995,0.05843124999999996,0.21434062499999995
train,17,6,"0,1",RIGHT,RIGHT,exploit,-0.04,"0,2",False,0.05,0.31506249999999997,0.5388124999999999,0.22374999999999995,0.42693749999999997
train,17,7,"0,2",RIGHT,RIGHT,exploit,1.0,"0,3",True,0.05,0.643125,1.0,0.35687500000000005,0.8215625
train,18,1,"3,0",UP,UP,exploit,-0.04,"2,0",False,0.05,-0.15620636816406253,-0.12484817016601563,0.0313581979980469,-0.14052726916503908
train,18,2,"2,0",UP,LEFT,exploit,-0.2,"2,0",False,0.05,-0.09427574462890626,-0.28484817016601566,-0.1905724255371094,-0.18956195739746096
train,18,3,"2,0",UP,UP,exploit,-0.04,"1,0",False,0.05,-0.18956195739746096,-0.0015292187499999915,0.18803273864746095,-0.09554558807373048
train,18,4,"1,0",UP,UP,exploit,-0.04,"0,0",False,0.05,0.04274531250000001,0.15290656249999995,0.11016124999999995,0.09782593749999999
train,18,5,"0,0",RIGHT,RIGHT,exploit,-0.04,"0,1",False,0.05,0.21434062499999995,0.34424375,0.12990312500000006,0.27929218749999996
train,18,6,"0,1",RIGHT,RIGHT,exploit,-0.04,"0,2",False,0.05,0.42693749999999997,0.69940625,0.27246875000000004,0.563171875
train,18,7,"0,2",RIGHT,RIGHT,exploit,1.0,"0,3",True,0.05,0.8215625,1.0,0.17843750000000003,0.91078125
train,19,1,"3,0",UP,UP,exploit,-0.04,"2,0",False,0.05,-0.14052726916503908,-0.12599102926635744,0.014536239898681635,-0.13325914921569826
train,19,2,"2,0",UP,LEFT,exploit,-0.2,"2,0",False,0.05,-0.09554558807373048,-0.28599102926635744,-0.19044544119262696,-0.19076830867004396
train,19,3,"2,0",UP,UP,exploit,-0.04,"1,0",False,0.05,-0.19076830867004396,0.04804334374999999,0.23881165242004396,-0.07136248246002198
train,19,4,"1,0",UP,UP,exploit,-0.04,"0,0",False,0.05,0.09782593749999999,0.21136296874999996,0.11353703124999998,0.15459445312499998
train,19,5,"0,0",RIGHT,DOWN,exploit,-0.04,"1,0",False,0.05,0.27929218749999996,0.09913500781249998,-0.18015717968749997,0.18921359765624995
train,19,6,"1,0",UP,UP,exploit,-0.04,"0,0",False,0.05,0.15459445312499998,0.13029223789062497,-0.024302215234375008,0.14244334550781246
train,19,7,"0,0",RIGHT,RIGHT,exploit,-0.04,"0,1",False,0.05,0.18921359765624995,0.4668546875,0.27764108984375,0.32803414257812497
train,19,8,"0,1",RIGHT,RIGHT,exploit,-0.04,"0,2",False,0.05,0.563171875,0.7797031249999999,0.21653124999999995,0.6714374999999999
train,19,9,"0,2",RIGHT,RIGHT,exploit,1.0,"0,3",True,0.05,0.91078125,1.0,0.08921875000000001,0.9553906249999999
train,20,1,"3,0",UP,UP,exploit,-0.04,"2,0",False,0.05,-0.13325914921569826,-0.10422623421401978,0.029032915001678483,-0.11874269171485902
train,20,2,"2,0",UP,UP,exploit,-0.04,"1,0",False,0.05,-0.07136248246002198,0.0881990109570312,0.15956149341705317,0.0084182642485046
train,20,3,"1,0",UP,UP,exploit,-0.04,"0,0",False,0.05,0.14244334550781246,0.2552307283203125,0.11278738281250006,0.1988370369140625
train,20,4,"0,0",LEFT,LEFT,explore,-0.2,"0,0",False,0.05,-0.1,0.09523072832031249,0.1952307283203125,-0.00238463583984376
train,20,5,"0,0",RIGHT,RIGHT,exploit,-0.04,"0,1",False,0.05,0.32803414257812497,0.5642937499999999,0.23625960742187496,0.4461639462890624
train,20,6,"0,1",RIGHT,RIGHT,exploit,-0.04,"0,2",False,0.05,0.6714374999999999,0.8198515624999999,0.1484140625,0.74564453125
train,20,7,"0,2",RIGHT,RIGHT,exploit,1.0,"0,3",True,0.05,0.9553906249999999,1.0,0.04460937500000006,0.9776953125
evaluate,1,1,"3,0",UP,LEFT,exploit,-0.2,"3,0",False,0.0,-0.11874269171485902,-0.3068684225433731,-0.18812573082851408,-0.11874269171485902
evaluate,1,2,"3,0",UP,UP,exploit,-0.04,"2,0",False,0.0,-0.11874269171485902,-0.03242356217634586,0.08631912953851316,-0.11874269171485902
evaluate,1,3,"2,0",UP,UP,exploit,-0.04,"1,0",False,0.0,0.0084182642485046,0.13895333322265624,0.13053506897415162,0.0084182642485046
evaluate,1,4,"1,0",UP,UP,exploit,-0.04,"0,0",False,0.0,0.1988370369140625,0.36154755166015623,0.16271051474609374,0.1988370369140625
evaluate,1,5,"0,0",RIGHT,RIGHT,exploit,-0.04,"0,1",False,0.0,0.4461639462890624,0.631080078125,0.18491613183593758,0.4461639462890624
evaluate,1,6,"0,1",RIGHT,RIGHT,exploit,-0.04,"0,2",False,0.0,0.74564453125,0.83992578125,0.09428124999999998,0.74564453125
evaluate,1,7,"0,2",RIGHT,RIGHT,exploit,1.0,"0,3",True,0.0,0.9776953125,1.0,0.02230468750000003,0.9776953125
evaluate,2,1,"3,0",UP,UP,exploit,-0.04,"2,0",False,0.0,-0.11874269171485902,-0.03242356217634586,0.08631912953851316,-0.11874269171485902
evaluate,2,2,"2,0",UP,UP,exploit,-0.04,"1,0",False,0.0,0.0084182642485046,0.13895333322265624,0.13053506897415162,0.0084182642485046
evaluate,2,3,"1,0",UP,UP,exploit,-0.04,"0,0",False,0.0,0.1988370369140625,0.36154755166015623,0.16271051474609374,0.1988370369140625
evaluate,2,4,"0,0",RIGHT,RIGHT,exploit,-0.04,"0,1",False,0.0,0.4461639462890624,0.631080078125,0.18491613183593758,0.4461639462890624
evaluate,2,5,"0,1",RIGHT,DOWN,exploit,-0.2,"0,1",False,0.0,0.74564453125,0.471080078125,-0.27456445312499994,0.74564453125
evaluate,2,6,"0,1",RIGHT,UP,exploit,-0.2,"0,1",False,0.0,0.74564453125,0.471080078125,-0.27456445312499994,0.74564453125
evaluate,2,7,"0,1",RIGHT,RIGHT,exploit,-0.04,"0,2",False,0.0,0.74564453125,0.83992578125,0.09428124999999998,0.74564453125
evaluate,2,8,"0,2",RIGHT,RIGHT,exploit,1.0,"0,3",True,0.0,0.9776953125,1.0,0.02230468750000003,0.9776953125
evaluate,3,1,"3,0",UP,UP,exploit,-0.04,"2,0",False,0.0,-0.11874269171485902,-0.03242356217634586,0.08631912953851316,-0.11874269171485902
evaluate,3,2,"2,0",UP,UP,exploit,-0.04,"1,0",False,0.0,0.0084182642485046,0.13895333322265624,0.13053506897415162,0.0084182642485046
evaluate,3,3,"1,0",UP,RIGHT,exploit,-0.2,"1,0",False,0.0,0.1988370369140625,-0.021046666777343764,-0.21988370369140625,0.1988370369140625
evaluate,3,4,"1,0",UP,UP,exploit,-0.04,"0,0",False,0.0,0.1988370369140625,0.36154755166015623,0.16271051474609374,0.1988370369140625
evaluate,3,5,"0,0",RIGHT,RIGHT,exploit,-0.04,"0,1",False,0.0,0.4461639462890624,0.631080078125,0.18491613183593758,0.4461639462890624
evaluate,3,6,"0,1",RIGHT,RIGHT,exploit,-0.04,"0,2",False,0.0,0.74564453125,0.83992578125,0.09428124999999998,0.74564453125
evaluate,3,7,"0,2",RIGHT,RIGHT,exploit,1.0,"0,3",True,0.0,0.9776953125,1.0,0.02230468750000003,0.9776953125
evaluate,4,1,"3,0",UP,UP,exploit,-0.04,"2,0",False,0.0,-0.11874269171485902,-0.03242356217634586,0.08631912953851316,-0.11874269171485902
evaluate,4,2,"2,0",UP,UP,exploit,-0.04,"1,0",False,0.0,0.0084182642485046,0.13895333322265624,0.13053506897415162,0.0084182642485046
evaluate,4,3,"1,0",UP,LEFT,exploit,-0.2,"1,0",False,0.0,0.1988370369140625,-0.021046666777343764,-0.21988370369140625,0.1988370369140625
evaluate,4,4,"1,0",UP,UP,exploit,-0.04,"0,0",False,0.0,0.1988370369140625,0.36154755166015623,0.16271051474609374,0.1988370369140625
evaluate,4,5,"0,0",RIGHT,RIGHT,exploit,-0.04,"0,1",False,0.0,0.4461639462890624,0.631080078125,0.18491613183593758,0.4461639462890624
evaluate,4,6,"0,1",RIGHT,UP,exploit,-0.2,"0,1",False,0.0,0.74564453125,0.471080078125,-0.27456445312499994,0.74564453125
evaluate,4,7,"0,1",RIGHT,UP,exploit,-0.2,"0,1",False,0.0,0.74564453125,0.471080078125,-0.27456445312499994,0.74564453125
evaluate,4,8,"0,1",RIGHT,RIGHT,exploit,-0.04,"0,2",False,0.0,0.74564453125,0.83992578125,0.09428124999999998,0.74564453125
evaluate,4,9,"0,2",RIGHT,RIGHT,exploit,1.0,"0,3",True,0.0,0.9776953125,1.0,0.02230468750000003,0.9776953125
evaluate,5,1,"3,0",UP,UP,exploit,-0.04,"2,0",False,0.0,-0.11874269171485902,-0.03242356217634586,0.08631912953851316,-0.11874269171485902
evaluate,5,2,"2,0",UP,RIGHT,exploit,-0.2,"2,0",False,0.0,0.0084182642485046,-0.19242356217634587,-0.2008418264248505,0.0084182642485046
evaluate,5,3,"2,0",UP,UP,exploit,-0.04,"1,0",False,0.0,0.0084182642485046,0.13895333322265624,0.13053506897415162,0.0084182642485046
evaluate,5,4,"1,0",UP,UP,exploit,-0.04,"0,0",False,0.0,0.1988370369140625,0.36154755166015623,0.16271051474609374,0.1988370369140625
evaluate,5,5,"0,0",RIGHT,RIGHT,exploit,-0.04,"0,1",False,0.0,0.4461639462890624,0.631080078125,0.18491613183593758,0.4461639462890624
evaluate,5,6,"0,1",RIGHT,RIGHT,exploit,-0.04,"0,2",False,0.0,0.74564453125,0.83992578125,0.09428124999999998,0.74564453125
evaluate,5,7,"0,2",RIGHT,UP,exploit,-0.2,"0,2",False,0.0,0.9776953125,0.6799257812499999,-0.29776953125000005,0.9776953125
evaluate,5,8,"0,2",RIGHT,DOWN,exploit,-0.04,"1,2",False,0.0,0.9776953125,-0.04,-1.0176953125,0.9776953125
evaluate,5,9,"1,2",DOWN,DOWN,exploit,-1.0,"2,2",True,0.0,0.0,-1.0,-1.0,0.0
