timestamp,target_id,err_x,err_y,err_x_px,err_y_px,pixel_distance,yaw_speed,pitch_speed,time_to_lock_sec,bbox_px,frame_w,frame_h
2026-09-19 11:53:29,BLUE,-0.0140,-0.0022,-17.9,-1.6,18.0,-1.1,-0.2,3.70,"(572, 355, 49, 33)",1280,720
2026-09-19 11:53:32,RED,0.0145,0.0028,18.6,2.0,18.7,1.2,0.2,3.67,"(616, 348, 34, 50)",1280,720
2026-09-19 13:03:07,GREEN,-0.0144,-0.0025,-18.4,-1.8,18.5,-1.1,-0.2,3.63,"(574, 356, 44, 29)",1280,720
2026-09-19 13:03:11,YELLOW,0.0149,0.0017,19.1,1.2,19.1,1.2,0.1,3.41,"(614, 351, 39, 39)",1280,720
2026-09-19 13:03:14,RED,0.0134,0.0006,17.1,0.4,17.1,1.1,0.0,3.82,"(617, 350, 29, 48)",1280,720
2026-09-19 13:09:45,GREEN,-0.0133,-0.0028,-17.0,-2.0,17.1,-1.1,-0.2,3.53,"(601, 356, 44, 30)",1280,720
2026-09-19 13:09:49,YELLOW,0.0137,0.0017,17.5,1.2,17.5,1.1,0.1,3.56,"(638, 351, 39, 39)",1280,720
2026-09-19 13:09:53,RED,0.0137,0.0006,17.5,0.4,17.5,1.1,0.0,3.66,"(643, 350, 29, 48)",1280,720
2026-09-19 13:10:14,GREEN,-0.0141,-0.0006,-18.0,-0.4,18.0,-1.1,-0.0,3.49,"(600, 354, 44, 32)",1280,720
2026-09-19 13:10:18,YELLOW,0.0145,0.0017,18.5,1.2,18.5,1.2,0.1,3.59,"(639, 351, 39, 39)",1280,720
2026-09-19 13:10:22,RED,0.0141,0.0006,18.0,0.4,18.0,1.1,0.0,3.69,"(643, 350, 30, 48)",1280,720
2026-09-19 13:27:45,GREEN,-0.0139,-0.0003,-17.8,-0.2,17.8,-1.1,-0.0,3.59,"(613, 354, 44, 31)",1280,720
2026-09-19 13:27:49,YELLOW,0.0145,0.0017,18.5,1.2,18.5,1.2,0.1,3.71,"(671, 351, 39, 39)",1280,720
2026-09-19 13:27:53,RED,0.0136,0.0006,17.4,0.4,17.4,1.1,0.0,3.58,"(700, 350, 30, 48)",1280,720
2026-09-19 13:28:12,GREEN,-0.0143,-0.0003,-18.3,-0.2,18.3,-1.1,-0.0,3.53,"(612, 354, 45, 31)",1280,720
2026-09-19 13:28:15,YELLOW,0.0141,0.0014,18.0,1.0,18.0,1.1,0.1,3.65,"(670, 351, 40, 40)",1280,720
2026-09-19 13:28:42,GREEN,-0.0147,-0.0003,-18.8,-0.2,18.8,-1.2,-0.0,3.63,"(612, 354, 44, 31)",1280,720
2026-09-19 13:28:46,YELLOW,0.0148,0.0014,19.0,1.0,19.0,1.2,0.1,3.66,"(671, 351, 40, 40)",1280,720
2026-09-19 13:28:49,RED,0.0140,0.0006,17.9,0.4,17.9,1.1,0.0,3.55,"(700, 350, 31, 48)",1280,720
2026-09-19 13:33:59,GREEN,-0.0131,-0.0003,-16.8,-0.2,16.8,-1.0,-0.0,3.66,"(614, 354, 44, 31)",1280,720
2026-09-19 13:34:03,YELLOW,0.0150,0.0017,19.1,1.2,19.2,1.2,0.1,3.62,"(655, 351, 39, 39)",1280,720
2026-09-19 13:34:30,GREEN,-0.0143,-0.0006,-18.3,-0.4,18.3,-1.1,-0.0,3.63,"(612, 354, 45, 32)",1280,720
2026-09-19 13:34:33,YELLOW,0.0142,0.0017,18.1,1.2,18.2,1.1,0.1,3.61,"(654, 351, 39, 39)",1280,720
2026-09-19 13:34:37,RED,0.0139,0.0019,17.8,1.4,17.9,1.1,0.2,3.56,"(671, 349, 30, 48)",1280,720
2026-09-19 13:35:33,GREEN,-0.0139,0.0036,-17.8,2.6,18.0,-1.1,0.3,3.60,"(614, 349, 42, 42)",1280,720
2026-09-19 13:35:36,YELLOW,0.0142,0.0017,18.1,1.2,18.2,1.1,0.1,3.69,"(654, 351, 39, 39)",1280,720
2026-09-19 13:35:40,RED,0.0139,0.0006,17.8,0.4,17.8,1.1,0.0,3.63,"(671, 350, 30, 48)",1280,720
2026-09-19 13:40:55,GREEN,-0.0143,-0.0006,-18.3,-0.4,18.3,-1.1,-0.0,3.55,"(612, 354, 45, 32)",1280,720
2026-09-19 13:40:58,YELLOW,0.0147,0.0017,18.8,1.2,18.9,1.2,0.1,3.64,"(647, 351, 39, 39)",1280,720
2026-09-19 13:41:02,RED,0.0140,0.0019,17.9,1.4,18.0,1.1,0.2,3.59,"(657, 349, 30, 48)",1280,720
2026-09-19 13:41:27,GREEN,-0.0131,-0.0003,-16.8,-0.2,16.8,-1.0,-0.0,3.50,"(614, 354, 44, 31)",1280,720
2026-09-19 13:41:31,YELLOW,0.0141,0.0017,18.0,1.2,18.1,1.1,0.1,3.75,"(659, 351, 39, 39)",1280,720
2026-09-19 13:41:34,RED,0.0144,0.0017,18.4,1.2,18.5,1.2,0.1,3.39,"(785, 349, 31, 49)",1280,720
2026-09-19 13:42:01,GREEN,-0.0135,-0.0017,-17.3,-1.2,17.3,-1.1,-0.1,3.66,"(613, 355, 45, 31)",1280,720
2026-09-19 13:42:04,YELLOW,0.0139,0.0017,17.8,1.2,17.9,1.1,0.1,3.65,"(646, 351, 39, 39)",1280,720
2026-09-19 13:42:08,RED,0.0140,0.0006,17.9,0.4,17.9,1.1,0.0,3.66,"(657, 350, 30, 48)",1280,720
2026-09-19 13:42:50,GREEN,-0.0131,-0.0014,-16.8,-1.0,16.8,-1.0,-0.1,3.53,"(614, 355, 44, 30)",1280,720
2026-09-19 13:42:54,YELLOW,0.0146,0.0017,18.7,1.2,18.7,1.2,0.1,3.65,"(643, 351, 39, 39)",1280,720
2026-09-19 13:42:57,RED,0.0143,0.0006,18.3,0.4,18.3,1.1,0.0,3.67,"(651, 350, 30, 48)",1280,720
2026-09-19 13:43:31,GREEN,-0.0131,-0.0028,-16.8,-2.0,16.9,-1.0,-0.2,3.53,"(614, 356, 44, 30)",1280,720
2026-09-19 13:43:35,YELLOW,0.0135,0.0017,17.2,1.2,17.3,1.1,0.1,3.68,"(639, 351, 39, 39)",1280,720
2026-09-19 13:44:36,GREEN,-0.0135,-0.0017,-17.3,-1.2,17.3,-1.1,-0.1,3.73,"(613, 355, 45, 31)",1280,720
2026-09-19 13:44:40,YELLOW,0.0135,0.0017,17.2,1.2,17.3,1.1,0.1,3.68,"(639, 351, 39, 39)",1280,720
2026-09-19 13:45:12,GREEN,-0.0135,-0.0003,-17.3,-0.2,17.3,-1.1,-0.0,3.57,"(613, 354, 45, 31)",1280,720
2026-09-19 13:45:16,YELLOW,0.0136,0.0017,17.4,1.2,17.5,1.1,0.1,3.68,"(639, 351, 39, 39)",1280,720
2026-09-19 13:45:20,RED,0.0140,0.0006,17.9,0.4,17.9,1.1,0.0,3.68,"(644, 350, 30, 48)",1280,720
2026-09-19 13:45:43,GREEN,-0.0131,-0.0028,-16.8,-2.0,16.9,-1.0,-0.2,3.53,"(614, 356, 44, 30)",1280,720
2026-09-19 13:45:47,YELLOW,0.0142,0.0017,18.2,1.2,18.2,1.1,0.1,3.63,"(639, 351, 39, 39)",1280,720
2026-09-19 13:46:24,GREEN,-0.0135,0.0025,-17.3,1.8,17.4,-1.1,0.2,3.61,"(615, 350, 41, 41)",1280,720
2026-09-19 13:46:28,YELLOW,0.0136,0.0017,17.4,1.2,17.5,1.1,0.1,3.69,"(638, 351, 39, 39)",1280,720
2026-09-19 13:46:32,RED,0.0140,0.0019,17.9,1.4,18.0,1.1,0.2,3.69,"(643, 349, 30, 48)",1280,720
2026-09-19 13:47:00,GREEN,-0.0143,-0.0003,-18.3,-0.2,18.3,-1.1,-0.0,3.56,"(612, 354, 45, 31)",1280,720
2026-09-19 13:47:04,YELLOW,0.0137,0.0017,17.5,1.2,17.5,1.1,0.1,3.65,"(638, 351, 39, 39)",1280,720
2026-09-19 13:47:08,RED,0.0141,0.0017,18.0,1.2,18.0,1.1,0.1,3.72,"(643, 349, 30, 49)",1280,720
2026-09-19 13:51:24,GREEN,-0.0061,0.0000,-7.8,0.0,7.8,-0.5,0.0,4.44,"(623, 354, 44, 30)",1280,720
2026-09-19 13:51:28,YELLOW,0.0074,0.0003,9.5,0.2,9.5,0.6,0.0,4.37,"(630, 352, 39, 39)",1280,720
2026-09-19 13:51:32,RED,0.0078,0.0019,10.0,1.4,10.1,0.6,0.2,4.39,"(635, 349, 30, 48)",1280,720
2026-09-19 13:52:07,GREEN,-0.0077,-0.0003,-9.8,-0.2,9.8,-0.6,-0.0,4.32,"(621, 354, 44, 31)",1280,720
2026-09-19 13:52:12,YELLOW,0.0074,0.0003,9.5,0.2,9.5,0.6,0.0,4.45,"(630, 352, 39, 39)",1280,720
2026-09-19 13:52:33,GREEN,-0.0069,-0.0006,-8.8,-0.4,8.8,-0.5,-0.0,4.36,"(622, 354, 44, 32)",1280,720
2026-09-19 13:52:38,YELLOW,0.0066,0.0003,8.5,0.2,8.5,0.5,0.0,4.45,"(629, 352, 39, 39)",1280,720
2026-09-19 13:52:42,RED,0.0078,0.0006,10.0,0.4,10.0,0.6,0.0,4.36,"(635, 350, 30, 48)",1280,720
2026-09-19 13:53:02,GREEN,-0.0065,0.0011,-8.3,0.8,8.3,-0.5,0.1,4.43,"(622, 353, 45, 31)",1280,720
2026-09-19 13:53:07,YELLOW,0.0070,0.0000,9.0,0.0,9.0,0.6,0.0,4.46,"(629, 352, 40, 40)",1280,720
2026-09-19 13:58:23,GREEN,-0.0078,0.0042,-10.0,3.0,10.4,-0.6,0.3,4.13,"(619, 349, 40, 40)",1280,720
2026-09-19 13:58:28,YELLOW,0.0080,0.0003,10.2,0.2,10.2,0.6,0.0,4.26,"(623, 352, 39, 39)",1280,720
2026-09-19 13:58:32,RED,0.0080,0.0006,10.2,0.4,10.2,0.6,0.0,4.58,"(616, 350, 30, 48)",1280,720
2026-09-19 13:58:47,GREEN,-0.0066,-0.0003,-8.5,-0.2,8.5,-0.5,-0.0,4.46,"(618, 354, 45, 31)",1280,720
2026-09-19 13:58:52,YELLOW,0.0080,0.0003,10.2,0.2,10.2,0.6,0.0,4.35,"(623, 352, 39, 39)",1280,720
2026-09-19 13:58:56,RED,0.0080,0.0006,10.2,0.4,10.2,0.6,0.0,4.65,"(616, 350, 30, 48)",1280,720
2026-09-19 14:01:52,GREEN,-0.0066,0.0008,-8.5,0.6,8.5,-0.5,0.1,4.21,"(618, 353, 45, 32)",1280,720
2026-09-19 14:01:56,YELLOW,0.0080,0.0017,10.2,1.2,10.3,0.6,0.1,4.32,"(623, 351, 39, 39)",1280,720
2026-09-19 14:02:01,RED,0.0072,0.0006,9.2,0.4,9.2,0.6,0.0,4.65,"(624, 350, 30, 48)",1280,720
2026-09-19 14:12:09,GREEN,-0.0070,-0.0017,-9.0,-1.2,9.0,-0.6,-0.1,4.43,"(618, 355, 44, 31)",1280,720
2026-09-19 14:12:13,YELLOW,0.0072,0.0017,9.2,1.2,9.3,0.6,0.1,4.33,"(622, 351, 39, 39)",1280,720
2026-09-19 14:12:17,RED,0.0072,0.0022,9.2,1.6,9.4,0.6,0.2,4.38,"(624, 349, 30, 47)",1280,720
2026-09-19 14:13:30,GREEN,-0.0070,-0.0017,-9.0,-1.2,9.0,-0.6,-0.1,4.36,"(618, 355, 44, 31)",1280,720
2026-09-19 14:13:35,YELLOW,0.0072,0.0003,9.2,0.2,9.2,0.6,0.0,4.47,"(622, 352, 39, 39)",1280,720
2026-09-19 14:33:01,GREEN,-0.0066,0.0039,-8.5,2.8,8.9,-0.5,0.3,4.60,"(620, 349, 41, 41)",1280,720
2026-09-19 14:33:06,YELLOW,0.0072,0.0011,9.2,0.8,9.2,0.6,0.1,4.51,"(621, 351, 41, 41)",1280,720
2026-09-19 14:33:10,RED,0.0072,0.0003,9.2,0.2,9.2,0.6,0.0,4.51,"(624, 350, 30, 49)",1280,720
2026-09-19 14:33:28,GREEN,-0.0074,-0.0025,-9.5,-1.8,9.6,-0.6,-0.2,4.39,"(617, 355, 45, 34)",1280,720
2026-09-19 14:33:33,YELLOW,0.0080,0.0011,10.2,0.8,10.2,0.6,0.1,4.58,"(622, 351, 41, 41)",1280,720
2026-09-19 14:33:37,RED,0.0072,0.0003,9.2,0.2,9.2,0.6,0.0,4.58,"(624, 350, 30, 49)",1280,720
2026-09-19 14:34:30,GREEN,-0.0066,-0.0019,-8.5,-1.4,8.6,-0.5,-0.2,4.46,"(618, 355, 45, 32)",1280,720
2026-09-19 14:34:34,YELLOW,0.0080,0.0011,10.2,0.8,10.2,0.6,0.1,4.43,"(622, 351, 41, 41)",1280,720
2026-09-19 14:34:39,RED,0.0072,0.0003,9.2,0.2,9.2,0.6,0.0,4.65,"(624, 350, 30, 49)",1280,720
