timestamp,target_id,err_x,err_y,err_x_px,err_y_px,pixel_distance,yaw_speed,pitch_speed,time_to_lock_sec
2026-09-17 11:54:02,GREEN,-0.0293,-0.0028,-37.5,-2.0,37.6,-2.3,-0.2,2.60
2026-09-17 11:54:05,RED,0.0297,0.0000,38.0,0.0,38.0,2.4,0.0,2.48
2026-09-17 11:54:08,BLUE,0.0297,0.0014,38.0,1.0,38.0,2.4,0.1,2.75
2026-09-17 11:54:32,GREEN,-0.0289,-0.0035,-37.0,-2.5,37.1,-2.3,-0.3,2.60
2026-09-17 11:54:35,RED,0.0297,0.0000,38.0,0.0,38.0,2.4,0.0,2.47
2026-09-17 11:54:38,BLUE,0.0297,0.0014,38.0,1.0,38.0,2.4,0.1,2.75
2026-09-17 11:59:01,GREEN,-0.0297,-0.0028,-38.0,-2.0,38.1,-2.4,-0.2,2.56
2026-09-17 11:59:03,RED,0.0297,0.0000,38.0,0.0,38.0,2.4,0.0,2.52
2026-09-17 11:59:06,BLUE,0.0289,0.0014,37.0,1.0,37.0,2.3,0.1,2.82
2026-09-17 12:17:24,GREEN,-0.0148,0.0014,-19.0,1.0,19.0,-1.2,0.1,3.53
2026-09-17 12:17:27,RED,0.0141,0.0000,18.0,0.0,18.0,1.1,0.0,3.32
2026-09-17 12:17:31,BLUE,0.0148,0.0000,19.0,0.0,19.0,1.2,0.0,3.62
2026-09-17 12:37:49,GREEN,-0.0124,-0.0017,-15.9,-1.2,15.9,-1.0,-0.1,3.88
2026-09-17 12:37:53,RED,0.0141,0.0003,18.1,0.2,18.1,1.1,0.0,3.32
2026-09-17 12:37:56,BLUE,0.0141,0.0011,18.1,0.8,18.1,1.1,0.1,3.59
2026-09-17 12:38:20,GREEN,-0.0109,-0.0003,-13.9,-0.2,13.9,-0.9,-0.0,3.79
2026-09-17 12:38:23,RED,0.0141,0.0014,18.1,1.0,18.1,1.1,0.1,3.35
2026-09-19 11:14:56,GREEN,-0.0124,-0.0042,-15.9,-3.0,16.2,-1.0,-0.3,3.63
2026-09-19 11:15:00,RED,0.0145,0.0025,18.6,1.8,18.7,1.2,0.2,3.56
2026-09-19 11:15:03,BLUE,0.0141,0.0022,18.1,1.6,18.2,1.1,0.2,3.61
2026-09-19 11:15:21,GREEN,-0.0144,-0.0019,-18.4,-1.4,18.5,-1.1,-0.2,3.74
2026-09-19 11:15:25,RED,0.0134,0.0028,17.1,2.0,17.2,1.1,0.2,3.68
2026-09-19 11:15:28,BLUE,0.0134,0.0022,17.1,1.6,17.2,1.1,0.2,3.64
2026-09-19 11:17:07,GREEN,-0.0128,-0.0028,-16.4,-2.0,16.5,-1.0,-0.2,3.78
2026-09-19 11:17:10,RED,0.0145,0.0028,18.6,2.0,18.7,1.2,0.2,3.63
2026-09-19 11:41:55,GREEN,-0.0128,-0.0028,-16.4,-2.0,16.5,-1.0,-0.2,3.83
2026-09-19 11:41:59,RED,0.0145,0.0025,18.6,1.8,18.7,1.2,0.2,3.61
