elapsed_sec,target_idx,color,yaw_angle_deg,pitch_angle_deg,err_x,err_y,fired
15.817,0,BLUE,0.60,-2.30,0.3192,0.1206,0
15.853,0,BLUE,0.60,-2.30,0.3192,0.1206,0
15.887,0,BLUE,0.70,-2.20,0.3192,0.1206,0
15.925,0,BLUE,0.70,-2.20,0.3192,0.1206,0
15.956,0,BLUE,2.00,-1.70,-,-,0
15.983,0,BLUE,3.50,-1.20,-,-,0
16.017,0,BLUE,3.50,-1.20,-,-,0
16.055,0,BLUE,3.40,-1.10,-,-,0
16.083,0,BLUE,3.40,-1.10,-,-,0
16.115,0,BLUE,3.40,-1.10,0.3321,0.0181,0
16.147,0,BLUE,3.50,-1.10,0.3321,0.0181,0
16.182,0,BLUE,3.50,-1.10,0.3289,0.0186,0
16.222,0,BLUE,4.60,-1.00,0.3289,0.0186,0
16.251,0,BLUE,6.50,-0.90,0.3289,0.0186,0
16.300,0,BLUE,7.70,-0.80,0.3289,0.0186,0
16.319,0,BLUE,7.70,-0.80,-,-,0
16.350,0,BLUE,7.70,-0.80,-,-,0
16.383,0,BLUE,9.50,-0.70,-,-,0
16.424,0,BLUE,9.70,-0.70,-,-,0
16.454,0,BLUE,9.70,-0.70,-,-,0
16.482,0,BLUE,9.70,-0.70,-,-,0
16.517,0,BLUE,9.70,-0.70,-,-,0
16.550,0,BLUE,9.70,-0.70,-,-,0
16.582,0,BLUE,9.70,-0.70,-,-,0
16.616,0,BLUE,9.70,-0.70,-,-,0
16.650,0,BLUE,9.70,-0.70,-,-,0
16.682,0,BLUE,9.70,-0.70,-,-,0
16.715,0,BLUE,9.70,-0.70,-,-,0
16.750,0,BLUE,9.70,-0.70,-,-,0
16.782,0,BLUE,9.70,-0.70,-,-,0
16.816,0,BLUE,9.70,-0.70,-,-,0
16.851,0,BLUE,9.70,-0.70,-,-,0
16.884,0,BLUE,9.70,-0.70,-,-,0
16.916,0,BLUE,9.70,-0.70,-,-,0
16.951,0,BLUE,9.70,-0.70,-,-,0
16.985,0,BLUE,9.70,-0.70,-,-,0
17.016,0,BLUE,9.70,-0.70,-,-,0
17.049,0,BLUE,9.70,-0.70,-,-,0
17.084,0,BLUE,9.70,-0.70,-,-,0
17.116,0,BLUE,9.70,-0.70,-,-,0
17.154,0,BLUE,9.70,-0.70,-,-,0
17.181,0,BLUE,9.70,-0.70,-,-,0
17.214,0,BLUE,9.70,-0.70,-,-,0
17.250,0,BLUE,9.70,-0.70,-,-,0
17.282,0,BLUE,9.70,-0.70,-,-,0
17.314,0,BLUE,9.70,-0.70,-,-,0
17.369,0,BLUE,9.70,-0.70,-,-,0
17.385,0,BLUE,9.70,-0.70,-,-,0
17.415,0,BLUE,9.70,-0.70,-,-,0
17.452,0,BLUE,9.70,-0.70,-,-,0
17.480,0,BLUE,9.70,-0.70,-,-,0
17.516,0,BLUE,9.70,-0.70,-,-,0
17.551,0,BLUE,9.70,-0.70,-,-,0
17.583,0,BLUE,9.70,-0.70,0.2637,0.0203,0
17.617,0,BLUE,9.70,-0.70,0.2637,0.0203,0
17.659,0,BLUE,10.50,-0.70,0.2621,0.0169,0
17.693,0,BLUE,10.50,-0.70,0.2621,0.0169,0
17.720,0,BLUE,11.40,-0.60,0.2621,0.0169,0
17.759,0,BLUE,12.80,-0.50,0.2621,0.0169,0
17.798,0,BLUE,13.80,-0.50,-,-,0
17.821,0,BLUE,13.80,-0.50,-,-,0
17.854,0,BLUE,14.90,-0.40,-,-,0
17.890,0,BLUE,14.90,-0.40,-,-,0
17.925,0,BLUE,15.00,-0.30,-,-,0
17.951,0,BLUE,15.00,-0.30,-,-,0
17.983,0,BLUE,15.00,-0.40,-,-,0
18.017,0,BLUE,15.00,-0.40,-,-,0
18.050,0,BLUE,15.00,-0.40,-,-,0
18.083,0,BLUE,15.00,-0.40,-,-,0
18.114,0,BLUE,14.90,-0.40,-,-,0
18.147,0,BLUE,14.90,-0.40,-,-,0
18.187,0,BLUE,14.90,-0.40,-,-,0
18.218,0,BLUE,15.00,-0.40,-,-,0
18.253,0,BLUE,15.00,-0.40,-,-,0
18.282,0,BLUE,15.00,-0.40,-,-,0
18.318,0,BLUE,15.00,-0.40,-,-,0
18.356,0,BLUE,14.90,-0.40,-,-,0
18.381,0,BLUE,14.90,-0.40,-,-,0
18.445,0,BLUE,14.90,-0.40,-,-,0
18.461,0,BLUE,14.90,-0.40,-,-,0
18.487,0,BLUE,14.90,-0.40,-,-,0
18.514,0,BLUE,14.90,-0.40,-,-,0
18.557,0,BLUE,14.90,-0.40,-,-,0
18.580,0,BLUE,14.90,-0.40,-,-,0
18.615,0,BLUE,14.90,-0.40,-,-,0
18.651,0,BLUE,14.90,-0.40,-,-,0
18.682,0,BLUE,14.90,-0.40,-,-,0
18.717,0,BLUE,14.90,-0.40,-,-,0
18.754,0,BLUE,14.90,-0.40,-,-,0
18.783,0,BLUE,15.00,-0.40,-,-,0
18.818,0,BLUE,15.00,-0.40,-,-,0
18.851,0,BLUE,14.90,-0.40,-,-,0
18.882,0,BLUE,14.90,-0.40,-,-,0
18.916,0,BLUE,14.90,-0.40,-,-,0
18.953,0,BLUE,14.90,-0.40,-,-,0
18.983,0,BLUE,14.90,-0.40,-,-,0
19.015,0,BLUE,14.90,-0.40,-,-,0
19.053,0,BLUE,14.90,-0.40,-,-,0
19.080,0,BLUE,14.90,-0.40,-,-,0
19.116,0,BLUE,14.90,-0.40,-,-,0
19.147,0,BLUE,14.90,-0.40,-,-,0
19.179,0,BLUE,14.90,-0.40,-,-,0
19.214,0,BLUE,14.90,-0.40,-,-,0
19.247,0,BLUE,14.90,-0.40,-,-,0
19.283,0,BLUE,14.90,-0.40,-,-,0
19.311,0,BLUE,14.90,-0.40,-,-,0
19.345,0,BLUE,14.90,-0.40,-,-,0
19.390,0,BLUE,14.90,-0.40,-,-,0
19.415,0,BLUE,14.90,-0.40,-,-,0
19.449,0,BLUE,14.90,-0.40,-,-,0
19.487,0,BLUE,14.90,-0.40,-,-,0
19.515,0,BLUE,14.90,-0.40,-,-,0
19.545,0,BLUE,14.90,-0.40,-,-,0
19.579,0,BLUE,14.90,-0.40,-,-,0
19.613,0,BLUE,14.90,-0.40,-,-,0
19.646,0,BLUE,14.90,-0.40,-,-,0
19.675,0,BLUE,14.90,-0.40,-,-,0
19.715,0,BLUE,14.90,-0.40,-,-,0
19.747,0,BLUE,14.90,-0.40,-,-,0
19.783,0,BLUE,14.90,-0.40,-,-,0
19.811,0,BLUE,14.90,-0.40,-,-,0
19.848,0,BLUE,14.90,-0.40,-,-,0
19.878,0,BLUE,14.90,-0.40,-,-,0
19.914,0,BLUE,14.90,-0.40,-,-,0
19.945,0,BLUE,15.00,-0.40,-,-,0
19.980,0,BLUE,14.90,-0.40,-,-,0
20.013,0,BLUE,14.90,-0.40,-,-,0
20.046,0,BLUE,14.90,-0.40,-,-,0
20.081,0,BLUE,14.90,-0.40,-,-,0
20.110,0,BLUE,14.90,-0.40,-,-,0
20.144,0,BLUE,14.90,-0.40,-,-,0
20.181,0,BLUE,14.90,-0.40,-,-,0
20.211,0,BLUE,14.90,-0.40,-,-,0
20.246,0,BLUE,14.90,-0.40,-,-,0
20.279,0,BLUE,14.90,-0.40,-,-,0
20.319,0,BLUE,14.90,-0.40,-,-,0
20.346,0,BLUE,14.90,-0.40,-,-,0
20.376,0,BLUE,14.90,-0.40,-,-,0
20.412,0,BLUE,14.90,-0.40,-,-,0
20.446,0,BLUE,14.90,-0.40,-,-,0
20.477,0,BLUE,14.90,-0.40,-,-,0
20.512,0,BLUE,14.90,-0.40,-,-,0
20.570,0,BLUE,14.90,-0.40,-,-,0
20.580,0,BLUE,14.90,-0.40,-,-,0
20.614,0,BLUE,14.90,-0.40,-,-,0
20.642,0,BLUE,14.90,-0.40,-,-,0
20.681,0,BLUE,14.90,-0.40,-,-,0
20.713,0,BLUE,14.90,-0.40,-,-,0
20.748,0,BLUE,14.90,-0.40,-,-,0
20.774,0,BLUE,14.90,-0.40,-,-,0
20.812,0,BLUE,14.90,-0.40,-,-,0
20.841,0,BLUE,14.90,-0.40,-,-,0
20.881,0,BLUE,14.90,-0.40,-,-,0
20.912,0,BLUE,14.90,-0.40,-,-,0
20.946,0,BLUE,14.90,-0.40,-,-,0
20.975,0,BLUE,14.90,-0.40,-,-,0
21.018,0,BLUE,14.90,-0.40,-,-,0
21.046,0,BLUE,14.90,-0.40,-,-,0
21.075,0,BLUE,14.90,-0.40,-,-,0
21.112,0,BLUE,14.90,-0.40,-,-,0
21.141,0,BLUE,14.90,-0.40,0.2164,0.0156,0
21.180,0,BLUE,14.90,-0.40,0.2164,0.0156,0
21.210,0,BLUE,14.90,-0.40,0.2164,0.0156,0
21.254,0,BLUE,15.50,-0.40,0.2094,0.0172,0
21.281,0,BLUE,16.50,-0.30,0.2043,0.0172,0
21.313,0,BLUE,17.00,-0.20,0.2043,0.0172,0
21.345,0,BLUE,17.00,-0.20,0.2043,0.0172,0
21.382,0,BLUE,17.90,0.00,0.2043,0.0172,0
21.410,0,BLUE,17.90,0.00,0.2043,0.0172,0
21.446,0,BLUE,18.50,0.00,-,-,0
21.476,0,BLUE,18.50,0.00,-,-,0
21.509,0,BLUE,19.30,0.00,-,-,0
21.546,0,BLUE,19.40,0.00,-,-,0
21.574,0,BLUE,19.40,0.00,-,-,0
21.633,0,BLUE,19.40,0.00,-,-,0
21.647,0,BLUE,19.40,0.00,-,-,0
21.676,0,BLUE,19.40,0.00,-,-,0
21.714,0,BLUE,19.40,0.00,-,-,0
21.741,0,BLUE,19.40,0.00,0.1637,-0.0003,0
21.773,0,BLUE,19.40,0.00,0.1637,0.0017,0
21.808,0,BLUE,19.60,0.00,0.1637,0.0017,0
21.841,0,BLUE,20.00,0.00,0.1637,0.0017,0
21.876,0,BLUE,20.00,0.00,0.1637,0.0017,0
21.907,0,BLUE,20.70,0.00,-,-,0
21.945,0,BLUE,20.70,0.00,-,-,0
21.975,0,BLUE,21.30,0.10,-,-,0
22.010,0,BLUE,21.30,0.10,-,-,0
22.039,0,BLUE,21.30,0.10,-,-,0
22.073,0,BLUE,21.40,0.10,-,-,0
22.106,0,BLUE,21.30,0.10,-,-,0
22.139,0,BLUE,21.30,0.10,-,-,0
22.171,0,BLUE,21.30,0.10,-,-,0
22.205,0,BLUE,21.40,0.10,-,-,0
22.238,0,BLUE,21.40,0.10,-,-,0
22.271,0,BLUE,21.40,0.10,-,-,0
22.307,0,BLUE,21.40,0.10,-,-,0
22.340,0,BLUE,21.40,0.10,-,-,0
22.376,0,BLUE,21.40,0.10,-,-,0
22.410,0,BLUE,21.40,0.10,-,-,0
22.442,0,BLUE,21.40,0.10,-,-,0
22.473,0,BLUE,21.40,0.10,-,-,0
22.507,0,BLUE,21.40,0.10,-,-,0
22.540,0,BLUE,21.40,0.10,-,-,0
22.573,0,BLUE,21.40,0.00,-,-,0
22.609,0,BLUE,21.40,0.00,-,-,0
22.640,0,BLUE,21.40,0.00,-,-,0
22.680,0,BLUE,21.40,0.00,-,-,0
22.713,0,BLUE,21.40,0.00,-,-,0
22.741,0,BLUE,21.40,0.00,-,-,0
22.772,0,BLUE,21.40,0.00,-,-,0
22.809,0,BLUE,21.40,0.00,-,-,0
22.839,0,BLUE,21.40,0.00,-,-,0
22.874,0,BLUE,21.40,0.00,-,-,0
22.907,0,BLUE,21.40,0.00,-,-,0
22.940,0,BLUE,21.40,0.00,-,-,0
22.974,0,BLUE,21.40,0.00,-,-,0
23.008,0,BLUE,21.40,0.00,-,-,0
23.043,0,BLUE,21.40,0.00,-,-,0
23.075,0,BLUE,21.40,0.00,-,-,0
23.109,0,BLUE,21.40,0.00,-,-,0
23.141,0,BLUE,21.40,0.00,-,-,0
23.175,0,BLUE,21.40,0.00,-,-,0
23.208,0,BLUE,21.40,0.00,-,-,0
23.239,0,BLUE,21.40,0.00,-,-,0
23.272,0,BLUE,21.40,0.00,-,-,0
23.307,0,BLUE,21.40,0.00,-,-,0
23.339,0,BLUE,21.40,0.00,-,-,0
23.374,0,BLUE,21.40,0.00,-,-,0
23.409,0,BLUE,21.40,0.00,-,-,0
23.442,0,BLUE,21.40,0.00,-,-,0
23.472,0,BLUE,21.40,0.00,-,-,0
23.506,0,BLUE,21.40,0.00,-,-,0
23.539,0,BLUE,21.50,0.00,-,-,0
23.572,0,BLUE,21.50,0.00,-,-,0
23.606,0,BLUE,21.50,0.00,-,-,0
23.637,0,BLUE,21.50,0.00,-,-,0
23.671,0,BLUE,21.50,0.00,-,-,0
23.705,0,BLUE,21.50,0.00,-,-,0
23.751,0,BLUE,21.50,0.00,-,-,0
23.776,0,BLUE,21.50,0.00,-,-,0
23.804,0,BLUE,21.50,0.00,-,-,0
23.837,0,BLUE,21.50,0.00,-,-,0
23.874,0,BLUE,21.50,0.00,-,-,0
23.905,0,BLUE,21.50,0.00,-,-,0
23.936,0,BLUE,21.50,0.00,-,-,0
23.972,0,BLUE,21.50,0.00,-,-,0
24.006,0,BLUE,21.50,0.00,-,-,0
24.036,0,BLUE,21.50,0.00,-,-,0
24.071,0,BLUE,21.50,0.00,-,-,0
24.103,0,BLUE,21.50,0.00,-,-,0
24.136,0,BLUE,21.50,0.00,-,-,0
24.169,0,BLUE,21.50,0.00,-,-,0
24.206,0,BLUE,21.50,0.00,-,-,0
24.237,0,BLUE,21.50,0.00,-,-,0
24.270,0,BLUE,21.50,0.00,-,-,0
24.306,0,BLUE,21.50,0.00,-,-,0
24.337,0,BLUE,21.50,0.00,-,-,0
24.371,0,BLUE,21.50,0.00,-,-,0
24.404,0,BLUE,21.50,0.00,-,-,0
24.438,0,BLUE,21.50,0.00,-,-,0
24.470,0,BLUE,21.50,0.00,-,-,0
24.507,0,BLUE,21.50,0.00,-,-,0
24.538,0,BLUE,21.50,0.00,-,-,0
24.572,0,BLUE,21.50,0.00,-,-,0
24.606,0,BLUE,21.50,0.00,-,-,0
24.635,0,BLUE,21.50,0.00,-,-,0
24.668,0,BLUE,21.50,0.00,-,-,0
24.703,0,BLUE,21.50,0.00,-,-,0
24.737,0,BLUE,21.50,0.00,-,-,0
24.771,0,BLUE,21.50,0.00,-,-,0
24.817,0,BLUE,21.50,0.00,-,-,0
24.843,0,BLUE,21.50,0.00,-,-,0
24.870,0,BLUE,21.50,0.00,-,-,0
24.901,0,BLUE,21.50,0.00,-,-,0
24.937,0,BLUE,21.50,0.00,-,-,0
24.972,0,BLUE,21.50,0.00,-,-,0
25.006,0,BLUE,21.50,0.00,-,-,0
25.035,0,BLUE,21.50,0.00,-,-,0
25.070,0,BLUE,21.50,0.00,-,-,0
25.105,0,BLUE,21.50,0.00,-,-,0
25.135,0,BLUE,21.50,0.00,-,-,0
25.172,0,BLUE,21.50,0.00,-,-,0
25.206,0,BLUE,21.50,0.00,-,-,0
25.235,0,BLUE,21.50,0.00,-,-,0
25.269,0,BLUE,21.50,0.00,-,-,0
25.301,0,BLUE,21.50,0.00,-,-,0
25.334,0,BLUE,21.50,0.00,-,-,0
25.368,0,BLUE,21.50,0.00,-,-,0
25.402,0,BLUE,21.50,0.00,-,-,0
25.437,0,BLUE,21.50,0.00,-,-,0
25.468,0,BLUE,21.50,0.00,-,-,0
25.502,0,BLUE,21.50,0.00,-,-,0
25.534,0,BLUE,21.60,0.00,-,-,0
25.568,0,BLUE,21.60,0.00,-,-,0
25.600,0,BLUE,21.60,0.00,-,-,0
25.634,0,BLUE,21.60,0.00,-,-,0
25.668,0,BLUE,21.60,0.00,-,-,0
25.699,0,BLUE,21.60,0.00,-,-,0
25.734,0,BLUE,21.60,0.00,-,-,0
25.768,0,BLUE,21.60,0.00,-,-,0
25.801,0,BLUE,21.60,0.00,-,-,0
25.834,0,BLUE,21.60,0.00,-,-,0
25.882,0,BLUE,21.60,0.00,-,-,0
25.902,0,BLUE,21.60,0.00,-,-,0
25.944,0,BLUE,21.60,0.00,-,-,0
25.969,0,BLUE,21.60,0.00,-,-,0
26.002,0,BLUE,21.60,0.00,-,-,0
26.036,0,BLUE,21.60,0.00,-,-,0
26.068,0,BLUE,21.60,0.00,-,-,0
26.115,0,BLUE,21.60,0.00,-,-,0
26.134,0,BLUE,21.60,0.00,-,-,0
26.167,0,BLUE,21.60,0.00,-,-,0
26.200,0,BLUE,21.60,0.00,-,-,0
26.234,0,BLUE,21.60,0.00,-,-,0
26.268,0,BLUE,21.60,0.00,-,-,0
26.300,0,BLUE,21.60,0.00,-,-,0
26.335,0,BLUE,21.60,0.00,-,-,0
26.367,0,BLUE,21.60,0.00,-,-,0
26.400,0,BLUE,21.60,0.00,-,-,0
26.436,0,BLUE,21.60,0.00,-,-,0
26.467,0,BLUE,21.60,0.00,-,-,0
26.499,0,BLUE,21.60,0.00,-,-,0
26.533,0,BLUE,21.60,0.00,-,-,0
26.567,0,BLUE,21.60,0.00,-,-,0
26.600,0,BLUE,21.60,0.00,-,-,0
26.633,0,BLUE,21.60,0.00,-,-,0
26.667,0,BLUE,21.60,0.00,-,-,0
26.699,0,BLUE,21.60,0.00,-,-,0
26.734,0,BLUE,21.60,0.00,-,-,0
26.768,0,BLUE,21.60,0.00,-,-,0
26.802,0,BLUE,21.60,0.00,-,-,0
26.834,0,BLUE,21.60,0.00,-,-,0
26.867,0,BLUE,21.60,0.00,-,-,0
26.902,0,BLUE,21.60,0.00,-,-,0
26.945,0,BLUE,21.60,0.00,-,-,0
26.973,0,BLUE,21.60,0.00,-,-,0
27.007,0,BLUE,21.60,0.00,-,-,0
27.032,0,BLUE,21.60,0.00,-,-,0
27.067,0,BLUE,21.60,0.00,-,-,0
27.098,0,BLUE,21.60,0.00,-,-,0
27.133,0,BLUE,21.60,0.00,-,-,0
27.167,0,BLUE,21.60,0.00,-,-,0
27.199,0,BLUE,21.60,0.00,-,-,0
27.232,0,BLUE,21.60,0.00,-,-,0
27.266,0,BLUE,21.60,0.00,-,-,0
27.299,0,BLUE,21.60,0.00,-,-,0
27.332,0,BLUE,21.60,0.00,-,-,0
27.368,0,BLUE,21.60,0.00,-,-,0
27.398,0,BLUE,21.60,0.00,-,-,0
27.434,0,BLUE,21.60,0.00,-,-,0
27.467,0,BLUE,21.60,0.00,-,-,0
27.500,0,BLUE,21.60,0.00,-,-,0
27.532,0,BLUE,21.60,0.00,-,-,0
27.568,0,BLUE,21.60,0.00,-,-,0
27.600,0,BLUE,21.60,0.00,-,-,0
27.631,0,BLUE,21.60,0.00,0.1145,0.1978,0
27.670,0,BLUE,21.60,0.00,0.1153,0.1964,0
27.704,0,BLUE,21.90,0.50,0.1160,0.1950,0
27.738,0,BLUE,21.90,0.50,0.1137,0.1894,0
27.773,0,BLUE,22.40,1.50,0.1137,0.1894,0
27.801,0,BLUE,22.40,1.50,0.1149,0.1706,0
27.833,0,BLUE,22.90,2.40,0.1149,0.1706,0
27.868,0,BLUE,23.20,3.00,0.1133,0.1569,0
27.899,0,BLUE,23.20,3.00,0.1121,0.1492,0
27.937,0,BLUE,23.80,3.80,0.1102,0.1483,0
27.968,0,BLUE,23.80,3.80,0.1102,0.1483,0
28.015,0,BLUE,24.30,4.50,0.1032,0.1297,0
28.033,0,BLUE,24.30,4.50,0.1047,0.1258,0
28.065,0,BLUE,24.80,5.30,0.1028,0.1189,0
28.099,0,BLUE,25.10,5.70,0.1028,0.1189,0
28.131,0,BLUE,25.10,5.70,0.1028,0.1189,0
28.165,0,BLUE,25.60,6.40,0.1028,0.1189,0
28.198,0,BLUE,26.00,6.80,0.1028,0.1189,0
28.231,0,BLUE,26.00,6.80,0.1028,0.1189,0
28.267,0,BLUE,26.50,7.30,0.1028,0.1189,0
28.299,0,BLUE,26.90,7.70,-,-,0
28.338,0,BLUE,27.50,8.20,-,-,0
28.369,0,BLUE,27.50,8.20,-,-,0
28.402,0,BLUE,27.50,8.30,-,-,0
28.435,0,BLUE,27.50,8.30,-,-,0
28.463,0,BLUE,27.50,8.30,-,-,0
28.495,0,BLUE,27.50,8.30,-,-,0
28.531,0,BLUE,27.50,8.30,-,-,0
28.564,0,BLUE,27.50,8.30,-,-,0
28.595,0,BLUE,27.50,8.30,-,-,0
28.629,0,BLUE,27.50,8.30,-,-,0
28.664,0,BLUE,27.50,8.30,-,-,0
28.696,0,BLUE,27.50,8.30,-,-,0
28.730,0,BLUE,27.50,8.30,-,-,0
28.766,0,BLUE,27.50,8.30,-,-,0
28.802,0,BLUE,27.50,8.20,0.1110,0.0606,0
28.831,0,BLUE,27.50,8.20,0.1110,0.0606,0
28.867,0,BLUE,27.50,8.20,0.1110,0.0606,0
28.901,0,BLUE,28.20,8.50,0.1094,0.0469,0
28.938,0,BLUE,28.60,8.70,0.1094,0.0469,0
28.970,0,BLUE,28.60,8.70,0.1094,0.0469,0
29.002,0,BLUE,29.20,9.00,0.1094,0.0469,0
29.036,0,BLUE,29.20,9.00,0.1094,0.0469,0
29.078,0,BLUE,29.80,9.20,0.1094,0.0469,0
29.099,0,BLUE,30.20,9.40,0.1094,0.0469,0
29.131,0,BLUE,30.20,9.40,-,-,0
29.163,0,BLUE,30.80,9.60,-,-,0
29.202,0,BLUE,30.90,9.70,-,-,0
29.231,0,BLUE,30.90,9.70,-,-,0
29.262,0,BLUE,30.90,9.70,-,-,0
29.294,0,BLUE,30.90,9.70,-,-,0
29.329,0,BLUE,30.90,9.70,-,-,0
29.361,0,BLUE,30.90,9.70,-,-,0
29.395,0,BLUE,30.90,9.70,-,-,0
29.434,0,BLUE,30.90,9.70,-,-,0
29.462,0,BLUE,30.90,9.70,-,-,0
29.494,0,BLUE,30.90,9.70,-,-,0
29.527,0,BLUE,30.90,9.70,-,-,0
29.565,0,BLUE,30.90,9.70,-,-,0
29.595,0,BLUE,30.90,9.70,-,-,0
29.630,0,BLUE,30.90,9.70,-,-,0
29.664,0,BLUE,30.90,9.70,-,-,0
29.697,0,BLUE,30.90,9.70,-,-,0
29.730,0,BLUE,30.90,9.70,-,-,0
29.765,0,BLUE,30.80,9.70,-,-,0
29.797,0,BLUE,30.80,9.70,-,-,0
29.831,0,BLUE,30.80,9.70,-,-,0
29.863,0,BLUE,30.80,9.70,-,-,0
29.898,0,BLUE,30.80,9.70,-,-,0
29.942,0,BLUE,30.80,9.70,-,-,0
29.967,0,BLUE,30.80,9.70,-,-,0
29.998,0,BLUE,30.80,9.70,-,-,0
30.030,0,BLUE,30.80,9.70,-,-,0
30.063,0,BLUE,30.80,9.70,-,-,0
30.096,0,BLUE,30.80,9.70,-,-,0
30.146,0,BLUE,30.80,9.70,-,-,0
30.169,0,BLUE,30.80,9.70,-,-,0
30.196,0,BLUE,30.80,9.70,-,-,0
30.230,0,BLUE,30.80,9.70,-,-,0
30.261,0,BLUE,30.80,9.70,-,-,0
30.296,0,BLUE,30.80,9.70,-,-,0
30.332,0,BLUE,30.80,9.70,-,-,0
30.363,0,BLUE,30.80,9.70,-,-,0
30.396,0,BLUE,30.80,9.70,-,-,0
30.430,0,BLUE,30.80,9.70,-,-,0
30.461,0,BLUE,30.80,9.70,-,-,0
30.495,0,BLUE,30.80,9.70,-,-,0
30.530,0,BLUE,30.80,9.70,-,-,0
30.573,0,BLUE,30.80,9.70,-,-,0
30.599,0,BLUE,30.80,9.70,-,-,0
30.630,0,BLUE,30.80,9.70,-,-,0
30.660,0,BLUE,30.80,9.70,-,-,0
30.694,0,BLUE,30.80,9.70,-,-,0
30.729,0,BLUE,30.80,9.70,-,-,0
30.760,0,BLUE,30.80,9.70,-,-,0
30.795,0,BLUE,30.80,9.70,-,-,0
30.830,0,BLUE,30.80,9.70,-,-,0
30.863,0,BLUE,30.80,9.70,-,-,0
30.895,0,BLUE,30.80,9.70,-,-,0
30.932,0,BLUE,30.70,9.70,0.0918,0.1181,0
30.962,0,BLUE,30.80,9.80,0.0918,0.1181,0
30.996,0,BLUE,30.80,9.80,0.0918,0.1181,0
31.034,0,BLUE,31.20,10.10,-,-,0
31.063,0,BLUE,31.20,10.10,-,-,0
31.094,0,BLUE,31.60,10.50,-,-,0
31.129,0,BLUE,31.60,10.60,-,-,0
31.159,0,BLUE,31.60,10.60,-,-,0
31.209,0,BLUE,31.60,10.60,-,-,0
31.231,0,BLUE,31.60,10.60,-,-,0
31.257,0,BLUE,31.60,10.60,-,-,0
31.291,0,BLUE,31.60,10.60,-,-,0
31.329,0,BLUE,31.60,10.60,-,-,0
31.362,0,BLUE,31.60,10.60,-,-,0
31.394,0,BLUE,31.50,10.60,-,-,0
31.434,0,BLUE,31.50,10.60,-,-,0
31.458,0,BLUE,31.50,10.60,-,-,0
31.491,0,BLUE,31.50,10.60,-,-,0
31.528,0,BLUE,31.50,10.60,-,-,0
31.561,0,BLUE,31.50,10.60,-,-,0
31.594,0,BLUE,31.50,10.60,-,-,0
31.629,0,BLUE,31.50,10.60,-,-,0
31.660,0,BLUE,31.50,10.60,-,-,0
31.694,0,BLUE,31.50,10.60,-,-,0
31.729,0,BLUE,31.50,10.60,-,-,0
31.760,0,BLUE,31.50,10.60,-,-,0
31.795,0,BLUE,31.50,10.60,-,-,0
31.830,0,BLUE,31.50,10.60,-,-,0
31.859,0,BLUE,31.50,10.60,-,-,0
31.892,0,BLUE,31.50,10.60,-,-,0
31.929,0,BLUE,31.50,10.60,-,-,0
31.960,0,BLUE,31.50,10.60,-,-,0
31.995,0,BLUE,31.50,10.60,-,-,0
32.030,0,BLUE,31.50,10.60,-,-,0
32.059,0,BLUE,31.50,10.60,-,-,0
32.094,0,BLUE,31.50,10.60,-,-,0
32.127,0,BLUE,31.50,10.60,-,-,0
32.159,0,BLUE,31.50,10.60,-,-,0
32.192,0,BLUE,31.50,10.60,0.0317,-0.0631,0
32.230,0,BLUE,31.50,10.60,0.0313,-0.0644,0
32.268,0,BLUE,31.60,10.40,0.0313,-0.0644,0
32.300,0,BLUE,31.60,10.40,0.0313,-0.0644,0
32.332,0,BLUE,31.70,10.10,0.0313,-0.0644,0
32.363,0,BLUE,31.80,9.90,-,-,0
32.393,0,BLUE,31.80,9.90,-,-,0
32.426,0,BLUE,31.90,9.70,-,-,0
32.458,0,BLUE,31.90,9.70,-,-,0
32.491,0,BLUE,31.90,9.70,-,-,0
32.525,0,BLUE,31.90,9.70,-,-,0
32.556,0,BLUE,31.90,9.70,-,-,0
32.590,0,BLUE,31.90,9.70,-,-,0
32.624,0,BLUE,31.90,9.70,-,-,0
32.658,0,BLUE,31.90,9.70,-,-,0
32.691,0,BLUE,31.90,9.70,-,-,0
32.727,0,BLUE,31.90,9.70,-,-,0
32.757,0,BLUE,31.90,9.70,-,-,0
32.791,0,BLUE,31.90,9.70,-,-,0
32.828,0,BLUE,31.90,9.70,-,-,0
32.857,0,BLUE,31.90,9.70,-,-,0
32.891,0,BLUE,31.90,9.70,-,-,0
32.926,0,BLUE,31.90,9.70,-,-,0
32.957,0,BLUE,31.90,9.70,-,-,0
32.992,0,BLUE,31.90,9.70,-,-,0
33.028,0,BLUE,31.90,9.70,-,-,0
33.058,0,BLUE,31.90,9.70,-,-,0
33.092,0,BLUE,31.90,9.70,-,-,0
33.125,0,BLUE,31.90,9.70,-,-,0
33.157,0,BLUE,31.90,9.70,-,-,0
33.192,0,BLUE,31.90,9.70,-,-,0
33.225,0,BLUE,31.90,9.70,-,-,0
33.257,0,BLUE,31.90,9.70,-,-,0
33.293,0,BLUE,31.90,9.70,-,-,0
33.342,0,BLUE,31.80,9.70,-,-,0
33.361,0,BLUE,31.80,9.70,-,-,0
33.398,0,BLUE,31.80,9.70,-,-,0
33.428,0,BLUE,31.80,9.70,-,-,0
33.465,0,BLUE,31.80,9.70,-,-,0
33.493,0,BLUE,31.80,9.70,-,-,0
33.527,0,BLUE,31.80,9.70,-,-,0
33.559,0,BLUE,31.80,9.70,-,-,0
33.590,0,BLUE,31.80,9.70,-,-,0
33.624,0,BLUE,31.80,9.70,-,-,0
33.657,0,BLUE,31.80,9.70,-,-,0
33.691,0,BLUE,31.80,9.70,-,-,0
33.722,0,BLUE,31.80,9.70,-,-,0
33.755,0,BLUE,31.80,9.70,-,-,0
33.790,0,BLUE,31.80,9.70,-,-,0
33.822,0,BLUE,31.80,9.70,-,-,0
33.855,0,BLUE,31.80,9.70,-,-,0
33.889,0,BLUE,31.80,9.70,-,-,0
33.926,0,BLUE,31.80,9.70,-,-,0
33.955,0,BLUE,31.80,9.70,-,-,0
33.990,0,BLUE,31.80,9.70,-,-,0
34.022,0,BLUE,31.80,9.70,-,-,0
34.056,0,BLUE,31.80,9.70,-,-,0
34.089,0,BLUE,31.80,9.70,-,-,0
34.125,0,BLUE,31.80,9.70,-,-,0
34.156,0,BLUE,31.80,9.70,-,-,0
34.189,0,BLUE,31.80,9.70,-,-,0
34.224,0,BLUE,31.80,9.70,-,-,0
34.254,0,BLUE,31.80,9.70,-,-,0
34.289,0,BLUE,31.80,9.70,-,-,0
34.325,0,BLUE,31.80,9.70,-,-,0
34.355,0,BLUE,31.80,9.70,-,-,0
34.406,0,BLUE,31.80,9.70,-,-,0
34.425,0,BLUE,31.80,9.70,-,-,0
34.454,0,BLUE,31.80,9.70,-,-,0
34.489,0,BLUE,31.80,9.70,-,-,0
34.521,0,BLUE,31.80,9.70,-,-,0
34.555,0,BLUE,31.80,9.70,-,-,0
34.589,0,BLUE,31.80,9.70,-,-,0
34.622,0,BLUE,31.80,9.70,-,-,0
34.655,0,BLUE,31.80,9.70,-,-,0
34.690,0,BLUE,31.80,9.70,-,-,0
34.721,0,BLUE,31.80,9.70,-,-,0
34.754,0,BLUE,31.80,9.70,-,-,0
34.787,0,BLUE,31.70,9.70,-,-,0
34.820,0,BLUE,31.70,9.70,-,-,0
34.854,0,BLUE,31.70,9.70,-,-,0
34.888,0,BLUE,31.70,9.70,-,-,0
34.921,0,BLUE,31.70,9.70,-,-,0
34.954,0,BLUE,31.70,9.70,-,-,0
34.988,0,BLUE,31.70,9.70,-,-,0
35.020,0,BLUE,31.70,9.70,-,-,0
35.058,0,BLUE,31.70,9.70,-,-,0
35.089,0,BLUE,31.70,9.70,-,-,0
35.121,0,BLUE,31.70,9.70,-,-,0
35.155,0,BLUE,31.70,9.70,-,-,0
35.190,0,BLUE,31.70,9.70,-,-,0
35.219,0,BLUE,31.70,9.70,0.1715,0.2564,0
35.263,0,BLUE,32.10,10.20,0.1715,0.2564,0
35.294,0,BLUE,32.10,10.20,0.1715,0.2564,0
35.329,0,BLUE,32.60,10.90,-,-,0
35.356,0,BLUE,32.60,10.90,-,-,0
35.389,0,BLUE,33.40,11.90,-,-,0
35.427,0,BLUE,33.40,12.10,-,-,0
35.470,0,BLUE,33.40,12.10,-,-,0
35.488,0,BLUE,33.40,12.00,-,-,0
35.518,0,BLUE,33.40,12.00,-,-,0
35.551,0,BLUE,33.40,12.10,-,-,0
35.585,0,BLUE,33.40,12.10,-,-,0
35.617,0,BLUE,33.40,12.10,-,-,0
35.653,0,BLUE,33.40,12.10,-,-,0
35.687,0,BLUE,33.40,12.10,-,-,0
35.719,0,BLUE,33.40,12.10,-,-,0
35.754,0,BLUE,33.40,12.10,-,-,0
35.788,0,BLUE,33.40,12.10,-,-,0
35.822,0,BLUE,33.40,12.10,-,-,0
35.855,0,BLUE,33.40,12.10,-,-,0
35.889,0,BLUE,33.40,12.10,-,-,0
35.920,0,BLUE,33.40,12.00,-,-,0
35.956,0,BLUE,33.40,12.10,-,-,0
35.989,0,BLUE,33.40,12.10,-,-,0
36.021,0,BLUE,33.40,12.10,-,-,0
36.054,0,BLUE,33.40,12.10,-,-,0
36.089,0,BLUE,33.40,12.10,-,-,0
36.121,0,BLUE,33.40,12.10,-,-,0
36.154,0,BLUE,33.40,12.10,-,-,0
36.188,0,BLUE,33.40,12.10,-,-,0
36.219,0,BLUE,33.40,12.10,-,-,0
36.252,0,BLUE,33.40,12.10,-,-,0
36.289,0,BLUE,33.40,12.10,-,-,0
36.319,0,BLUE,33.40,12.10,-,-,0
36.352,0,BLUE,33.40,12.10,-,-,0
36.389,0,BLUE,33.40,12.10,-,-,0
36.420,0,BLUE,33.40,12.10,-,-,0
36.453,0,BLUE,33.40,12.10,-0.0070,-0.1817,0
36.487,0,BLUE,33.40,12.10,-0.0039,-0.1831,0
36.528,0,BLUE,33.30,11.60,-0.0039,-0.1831,0
36.561,0,BLUE,33.40,11.10,-0.0039,-0.1831,0
36.593,0,BLUE,33.40,11.10,-0.0039,-0.1831,0
36.621,0,BLUE,33.30,10.10,-,-,0
36.652,0,BLUE,33.30,10.10,-,-,0
36.688,0,BLUE,33.30,9.60,-,-,0
36.721,0,BLUE,33.30,9.60,-,-,0
36.751,0,BLUE,33.30,9.50,-,-,0
36.785,0,BLUE,33.30,9.60,-,-,0
36.818,0,BLUE,33.30,9.60,-,-,0
36.853,0,BLUE,33.30,9.60,-,-,0
36.885,0,BLUE,33.30,9.60,-,-,0
36.917,0,BLUE,33.30,9.60,-,-,0
36.950,0,BLUE,33.30,9.60,-,-,0
36.989,0,BLUE,33.30,9.60,-,-,0
37.019,0,BLUE,33.30,9.60,-,-,0
37.051,0,BLUE,33.30,9.60,-,-,0
37.085,0,BLUE,33.30,9.60,-,-,0
37.118,0,BLUE,33.30,9.60,-,-,0
37.152,0,BLUE,33.30,9.60,-,-,0
37.187,0,BLUE,33.30,9.60,-,-,0
37.219,0,BLUE,33.30,9.60,-,-,0
37.253,0,BLUE,33.30,9.60,-,-,0
37.289,0,BLUE,33.30,9.60,-,-,0
37.321,0,BLUE,33.30,9.60,-,-,0
37.353,0,BLUE,33.30,9.60,-,-,0
37.388,0,BLUE,33.30,9.60,-,-,0
37.420,0,BLUE,33.30,9.60,-,-,0
37.452,0,BLUE,33.30,9.60,-,-,0
37.487,0,BLUE,33.30,9.60,-,-,0
37.519,0,BLUE,33.30,9.60,-,-,0
37.554,0,BLUE,33.30,9.60,-,-,0
37.600,0,BLUE,33.30,9.60,-,-,0
37.618,0,BLUE,33.30,9.60,-,-,0
37.658,0,BLUE,33.30,9.60,-,-,0
37.687,0,BLUE,33.30,9.60,-,-,0
37.717,0,BLUE,33.30,9.60,-,-,0
37.750,0,BLUE,33.30,9.60,-,-,0
37.784,0,BLUE,33.30,9.60,-,-,0
37.817,0,BLUE,33.30,9.60,-,-,0
37.853,0,BLUE,33.30,9.60,0.1407,0.2525,0
37.888,0,BLUE,33.30,9.60,0.1387,0.2525,0
37.921,0,BLUE,33.30,9.80,0.1379,0.2539,0
37.958,0,BLUE,33.30,9.80,0.1379,0.2539,0
37.988,0,BLUE,34.00,10.80,0.1379,0.2539,0
38.018,0,BLUE,34.80,12.20,0.1270,0.2106,0
38.050,0,BLUE,34.80,12.20,0.1223,0.1994,0
38.088,0,BLUE,35.30,13.00,0.1223,0.1994,0
38.118,0,BLUE,35.30,13.00,0.1223,0.1994,0
38.161,0,BLUE,35.90,14.00,0.1223,0.1994,0
38.195,0,BLUE,36.40,14.70,0.1223,0.1994,0
38.225,0,BLUE,36.90,15.70,0.1223,0.1994,0
38.258,0,BLUE,37.30,16.40,0.1860,0.1150,0
38.292,0,BLUE,37.30,16.40,0.1860,0.1150,0
38.320,0,BLUE,37.80,17.30,0.1860,0.1150,0
38.364,0,BLUE,38.40,17.70,-,-,0
38.389,0,BLUE,38.40,17.70,-,-,0
38.421,0,BLUE,38.40,17.70,-,-,0
38.460,0,BLUE,39.20,18.10,-,-,0
38.487,0,BLUE,39.20,18.20,-0.0508,-0.1653,0
38.519,0,BLUE,39.20,18.20,-0.0508,-0.1653,0
38.554,0,BLUE,39.20,18.20,-0.0508,-0.1653,0
38.587,0,BLUE,39.00,17.50,-,-,0
38.620,0,BLUE,39.00,17.50,-,-,0
38.672,0,BLUE,38.90,17.00,-,-,0
38.691,0,BLUE,38.80,16.90,-,-,0
38.717,0,BLUE,38.80,16.90,-,-,0
38.753,0,BLUE,38.90,16.90,-,-,0
38.787,0,BLUE,38.90,16.90,-,-,0
38.817,0,BLUE,38.90,16.90,-,-,0
38.850,0,BLUE,38.90,16.90,-,-,0
38.882,0,BLUE,38.90,16.90,-,-,0
38.917,0,BLUE,38.90,16.90,-,-,0
38.950,0,BLUE,38.90,16.90,-,-,0
38.983,0,BLUE,38.80,16.90,-,-,0
39.016,0,BLUE,38.80,16.90,-,-,0
39.050,0,BLUE,38.80,16.90,-,-,0
39.087,0,BLUE,38.80,16.90,-,-,0
39.121,0,BLUE,38.90,16.90,-,-,0
39.154,0,BLUE,38.90,16.90,-,-,0
39.189,0,BLUE,38.90,16.90,-,-,0
39.220,0,BLUE,38.80,16.90,-,-,0
39.257,0,BLUE,38.80,16.90,-,-,0
39.286,0,BLUE,38.90,16.90,-,-,0
39.317,0,BLUE,38.90,16.90,-,-,0
39.350,0,BLUE,38.90,16.90,-,-,0
39.383,0,BLUE,38.80,16.90,-,-,0
39.416,0,BLUE,38.90,16.90,-,-,0
39.449,0,BLUE,38.90,16.90,-,-,0
39.481,0,BLUE,38.80,16.90,-,-,0
39.515,0,BLUE,38.90,16.90,-,-,0
39.553,0,BLUE,38.90,16.90,-,-,0
39.583,0,BLUE,38.90,16.90,-,-,0
39.615,0,BLUE,38.90,16.90,-,-,0
39.649,0,BLUE,38.80,16.90,-,-,0
39.681,0,BLUE,38.80,16.90,-,-,0
39.723,0,BLUE,38.80,16.90,-,-,0
39.756,0,BLUE,38.80,16.90,-,-,0
39.784,0,BLUE,38.80,16.90,-,-,0
39.818,0,BLUE,38.80,16.90,-,-,0
39.849,0,BLUE,38.90,16.90,-,-,0
39.883,0,BLUE,38.80,16.90,-,-,0
39.913,0,BLUE,38.80,16.90,-,-,0
39.948,0,BLUE,38.80,16.90,-,-,0
39.980,0,BLUE,38.80,16.90,-,-,0
40.013,0,BLUE,38.80,16.80,-,-,0
40.047,0,BLUE,38.90,16.80,-,-,0
40.081,0,BLUE,38.90,16.80,-,-,0
40.115,0,BLUE,38.80,16.80,-,-,0
40.149,0,BLUE,38.80,16.80,-,-,0
40.180,0,BLUE,38.80,16.80,-,-,0
40.215,0,BLUE,38.80,16.90,-,-,0
40.251,0,BLUE,38.80,16.90,-,-,0
40.283,0,BLUE,38.80,16.90,-,-,0
40.313,0,BLUE,38.80,16.80,-,-,0
40.348,0,BLUE,38.80,16.80,-,-,0
40.381,0,BLUE,38.80,16.80,-,-,0
40.413,0,BLUE,38.80,16.80,-,-,0
40.450,0,BLUE,38.80,16.80,-,-,0
40.480,0,BLUE,38.80,16.80,-,-,0
40.513,0,BLUE,38.80,16.80,-,-,0
40.548,0,BLUE,38.80,16.80,-,-,0
40.580,0,BLUE,38.80,16.80,-,-,0
40.613,0,BLUE,38.80,16.80,-,-,0
40.649,0,BLUE,38.80,16.80,-,-,0
40.682,0,BLUE,38.80,16.80,-,-,0
40.713,0,BLUE,38.80,16.80,-,-,0
40.749,0,BLUE,38.80,16.80,-,-,0
40.799,0,BLUE,38.80,16.80,-,-,0
40.819,0,BLUE,38.80,16.80,-,-,0
40.847,0,BLUE,38.80,16.80,-,-,0
40.880,0,BLUE,38.80,16.80,-,-,0
40.912,0,BLUE,38.80,16.80,-,-,0
40.948,0,BLUE,38.80,16.80,-,-,0
40.978,0,BLUE,38.80,16.80,-,-,0
41.013,0,BLUE,38.80,16.80,-,-,0
41.047,0,BLUE,38.80,16.80,-,-,0
41.079,0,BLUE,38.80,16.80,-,-,0
41.113,0,BLUE,38.80,16.80,-,-,0
41.147,0,BLUE,38.80,16.80,-,-,0
41.181,0,BLUE,38.80,16.80,-,-,0
41.213,0,BLUE,38.90,16.80,-,-,0
41.249,0,BLUE,38.80,16.80,-,-,0
41.280,0,BLUE,38.80,16.80,-,-,0
41.324,0,BLUE,38.80,16.80,-,-,0
41.354,0,BLUE,38.80,16.80,-,-,0
41.379,0,BLUE,38.80,16.80,-,-,0
41.417,0,BLUE,38.80,16.80,-,-,0
41.453,0,BLUE,38.80,16.80,-,-,0
41.479,0,BLUE,38.80,16.80,-,-,0
41.519,0,BLUE,38.80,16.80,-,-,0
41.545,0,BLUE,38.80,16.80,-,-,0
41.577,0,BLUE,38.80,16.80,-,-,0
41.612,0,BLUE,38.80,16.80,-,-,0
41.651,0,BLUE,38.80,16.80,-,-,0
41.679,0,BLUE,38.80,16.80,-,-,0
41.711,0,BLUE,38.80,16.80,-,-,0
41.746,0,BLUE,38.90,16.80,-,-,0
41.780,0,BLUE,38.90,16.80,-,-,0
41.811,0,BLUE,38.90,16.80,-,-,0
41.863,0,BLUE,38.80,16.80,-,-,0
41.879,0,BLUE,38.80,16.80,-,-,0
41.913,0,BLUE,38.80,16.80,-,-,0
41.949,0,BLUE,38.80,16.80,-,-,0
41.977,0,BLUE,38.80,16.80,-,-,0
42.009,0,BLUE,38.90,16.80,-,-,0
42.051,0,BLUE,38.80,16.80,-,-,0
42.078,0,BLUE,38.80,16.80,-,-,0
42.112,0,BLUE,38.80,16.80,-,-,0
42.145,0,BLUE,38.90,16.80,-,-,0
42.178,0,BLUE,38.90,16.80,-,-,0
42.210,0,BLUE,38.80,16.80,-,-,0
42.245,0,BLUE,38.80,16.80,-,-,0
42.278,0,BLUE,38.80,16.80,-,-,0
42.310,0,BLUE,38.90,16.80,-,-,0
42.343,0,BLUE,38.80,16.80,-,-,0
42.377,0,BLUE,38.80,16.80,-,-,0
42.411,0,BLUE,38.90,16.80,-,-,0
42.450,0,BLUE,38.90,16.80,-,-,0
42.479,0,BLUE,38.90,16.80,-,-,0
42.510,0,BLUE,38.80,16.80,-,-,0
42.544,0,BLUE,38.80,16.80,-,-,0
42.577,0,BLUE,38.80,16.80,-,-,0
42.611,0,BLUE,38.90,16.80,-,-,0
42.646,0,BLUE,38.90,16.80,-,-,0
42.679,0,BLUE,38.90,16.80,-,-,0
42.710,0,BLUE,38.90,16.80,-,-,0
42.747,0,BLUE,38.90,16.80,-,-,0
42.777,0,BLUE,38.90,16.70,-,-,0
42.811,0,BLUE,38.90,16.80,-,-,0
42.844,0,BLUE,38.90,16.80,-,-,0
42.878,0,BLUE,38.90,16.70,-,-,0
42.938,0,BLUE,38.90,16.70,-,-,0
42.949,0,BLUE,38.90,16.70,-,-,0
42.977,0,BLUE,38.90,16.70,-,-,0
43.009,0,BLUE,38.90,16.80,-,-,0
43.043,0,BLUE,38.80,16.70,-,-,0
43.076,0,BLUE,38.80,16.70,0.1766,0.0933,0
43.110,0,BLUE,38.80,16.70,0.1774,0.0947,0
43.151,0,BLUE,38.90,16.90,0.1774,0.0944,0
43.183,0,BLUE,39.60,17.30,0.1723,0.0872,0
43.213,0,BLUE,39.60,17.30,0.1676,0.0833,0
43.249,0,BLUE,40.00,17.60,0.1633,0.0786,0
43.278,0,BLUE,40.00,17.60,0.1633,0.0786,0
43.311,0,BLUE,40.60,18.10,0.1633,0.0786,0
43.344,0,BLUE,41.20,18.40,0.1633,0.0786,0
43.377,0,BLUE,41.20,18.40,0.1633,0.0786,0
43.409,0,BLUE,41.60,18.70,0.1633,0.0786,0
43.446,0,BLUE,42.40,19.10,0.1633,0.0786,0
43.477,0,BLUE,42.40,19.10,-0.1715,-0.2319,0
43.520,0,BLUE,42.80,19.40,-0.1746,-0.2331,0
43.548,0,BLUE,42.90,19.10,-0.1769,-0.2331,0
43.585,0,BLUE,42.50,18.10,-0.1703,-0.2244,0
43.614,0,BLUE,42.50,18.10,0.1399,0.0539,0
43.654,0,BLUE,41.90,17.30,0.1438,0.0650,0
43.680,0,BLUE,41.90,17.30,0.1481,0.0761,0
43.710,0,BLUE,42.30,17.30,0.1446,0.0731,0
43.743,0,BLUE,42.60,17.50,0.1407,0.0689,0
43.782,0,BLUE,42.60,17.50,0.1379,0.0658,0
43.815,0,BLUE,43.30,17.90,0.1336,0.0617,0
43.849,0,BLUE,43.70,18.10,0.1305,0.0578,0
43.877,0,BLUE,43.70,18.10,0.1266,0.0536,0
43.913,0,BLUE,44.40,18.40,0.1227,0.0519,0
43.948,0,BLUE,44.40,18.40,0.1196,0.0492,0
43.990,0,BLUE,45.10,18.70,0.1157,0.0417,0
44.009,0,BLUE,45.50,18.90,0.1114,0.0389,0
44.048,0,BLUE,45.50,18.90,0.1082,0.0361,0
44.075,0,BLUE,46.10,19.10,0.1051,0.0336,0
44.108,0,BLUE,46.10,19.10,0.1028,0.0319,0
44.139,0,BLUE,46.60,19.30,0.0996,0.0328,0
44.175,0,BLUE,47.00,19.40,0.0973,0.0300,0
44.208,0,BLUE,47.00,19.40,0.0957,0.0286,0
44.243,0,BLUE,47.60,19.60,0.0926,0.0272,0
44.276,0,BLUE,47.90,19.70,0.0907,0.0258,0
44.308,0,BLUE,47.90,19.70,0.0883,0.0231,0
44.342,0,BLUE,48.50,19.80,0.0860,0.0231,0
44.376,0,BLUE,48.80,19.90,0.0860,0.0231,0
44.408,0,BLUE,48.80,19.90,0.0860,0.0231,0
44.445,0,BLUE,49.30,20.00,0.0860,0.0231,0
44.476,0,BLUE,49.30,20.00,0.0860,0.0231,0
44.510,0,BLUE,49.70,20.20,0.0860,0.0231,0
44.543,0,BLUE,50.10,20.20,0.0860,0.0231,0
44.575,0,BLUE,50.10,20.20,0.0860,0.0231,0
44.610,0,BLUE,50.60,20.30,0.0860,0.0231,0
44.642,0,BLUE,51.00,20.50,0.0860,0.0231,0
44.676,0,BLUE,51.00,20.50,0.0860,0.0231,0
44.709,0,BLUE,51.40,20.50,0.0860,0.0231,0
44.741,0,BLUE,51.40,20.50,0.0860,0.0231,0
44.774,0,BLUE,51.80,20.70,-,-,0
44.808,0,BLUE,52.10,20.70,-,-,0
44.843,0,BLUE,52.40,20.80,-,-,0
44.873,0,BLUE,52.40,20.80,-,-,0
44.908,0,BLUE,52.40,20.80,-,-,0
44.944,0,BLUE,52.30,20.80,-,-,0
44.971,0,BLUE,52.30,20.80,-0.1453,-0.2244,0
45.007,0,BLUE,52.30,20.80,-0.1445,-0.2269,0
45.049,0,BLUE,51.60,19.90,-0.1445,-0.2269,0
45.079,0,BLUE,51.60,19.90,-0.1355,-0.2206,0
45.113,0,BLUE,51.00,19.10,-0.1328,-0.2128,0
45.142,0,BLUE,51.00,19.10,-0.1328,-0.2128,0
45.175,0,BLUE,50.30,18.00,-0.1328,-0.2128,0
45.208,0,BLUE,49.70,17.30,-0.1328,-0.2128,0
45.243,0,BLUE,49.70,17.30,-0.1328,-0.2128,0
45.277,0,BLUE,49.10,16.20,-0.1328,-0.2128,0
45.314,0,BLUE,48.50,15.50,0.0735,0.0550,0
45.345,0,BLUE,48.50,15.50,0.0735,0.0550,0
45.381,0,BLUE,47.90,14.80,0.0895,0.0997,0
45.418,0,BLUE,48.40,15.00,0.0871,0.0983,0
45.451,0,BLUE,48.40,15.00,0.0856,0.0978,0
45.478,0,BLUE,48.70,15.30,0.0840,0.0936,0
45.510,0,BLUE,48.70,15.30,0.0817,0.0894,0
45.541,0,BLUE,49.20,15.80,0.0801,0.0856,0
45.573,0,BLUE,49.50,16.10,0.0778,0.0811,0
45.612,0,BLUE,49.50,16.10,0.0754,0.0758,0
45.642,0,BLUE,49.90,16.60,0.0731,0.0731,0
45.674,0,BLUE,50.30,16.90,0.0715,0.0689,0
45.710,0,BLUE,50.30,16.90,0.0700,0.0661,0
45.741,0,BLUE,50.70,17.20,0.0684,0.0619,0
45.774,0,BLUE,50.70,17.20,0.0660,0.0606,0
45.808,0,BLUE,51.10,17.50,0.0649,0.0564,0
45.841,0,BLUE,51.30,17.70,0.0629,0.0536,0
45.874,0,BLUE,51.30,17.70,0.0606,0.0508,0
45.908,0,BLUE,51.70,18.00,0.0590,0.0494,0
45.948,0,BLUE,51.90,18.20,0.0571,0.0467,0
45.976,0,BLUE,51.90,18.20,0.0571,0.0467,0
46.008,0,BLUE,52.20,18.40,0.0571,0.0467,0
46.038,0,BLUE,52.20,18.40,0.0571,0.0467,0
46.073,0,BLUE,52.50,18.70,0.0571,0.0467,0
46.121,0,BLUE,52.70,18.80,0.0571,0.0467,0
46.142,0,BLUE,53.00,19.00,0.0571,0.0467,0
46.172,0,BLUE,53.00,19.00,0.0571,0.0467,0
46.208,0,BLUE,53.30,19.30,0.0571,0.0467,0
46.245,0,BLUE,53.50,19.50,0.0571,0.0467,0
46.273,0,BLUE,53.50,19.50,0.0410,0.0244,0
46.310,0,BLUE,53.80,19.70,0.0403,0.0233,0
46.343,0,BLUE,53.80,19.70,0.0387,0.0206,0
46.380,0,BLUE,54.00,19.80,0.0383,0.0203,0
46.406,0,BLUE,54.10,19.90,0.0367,0.0189,0
46.440,0,BLUE,54.10,19.90,0.0360,0.0186,0
46.471,0,BLUE,54.30,20.00,0.0352,0.0175,0
46.507,0,BLUE,54.40,20.10,0.0348,0.0161,0
46.540,0,BLUE,54.40,20.10,0.0340,0.0161,0
46.571,0,BLUE,54.50,20.10,0.0336,0.0164,0
46.607,0,BLUE,54.50,20.10,0.0336,0.0164,0
46.638,0,BLUE,54.70,20.20,0.0336,0.0164,0
46.673,0,BLUE,54.80,20.30,0.0336,0.0164,0
46.708,0,BLUE,54.80,20.30,0.0336,0.0164,0
46.740,0,BLUE,54.90,20.30,0.0336,0.0164,0
46.773,0,BLUE,55.10,20.40,0.0336,0.0164,0
46.813,0,BLUE,55.20,20.50,0.0336,0.0164,0
46.844,0,BLUE,55.20,20.50,0.0336,0.0164,0
46.877,0,BLUE,55.30,20.60,0.0250,0.0103,0
46.910,0,BLUE,55.30,20.60,0.0235,0.0125,0
46.947,0,BLUE,55.40,20.60,0.0231,0.0136,0
46.973,0,BLUE,55.40,20.60,0.0231,0.0136,0
47.008,0,BLUE,55.50,20.70,0.0211,0.0114,0
47.040,0,BLUE,55.60,20.70,0.0211,0.0114,0
47.072,0,BLUE,55.60,20.70,0.0200,0.0114,0
47.110,0,BLUE,55.70,20.80,0.0200,0.0117,0
47.140,0,BLUE,55.80,20.80,0.0192,0.0117,0
47.183,0,BLUE,55.80,20.80,0.0192,0.0117,0
47.208,0,BLUE,55.80,20.80,0.0192,0.0117,0
47.238,0,BLUE,55.90,20.90,0.0192,0.0117,0
47.272,0,BLUE,55.90,20.90,0.0192,0.0117,0
47.307,0,BLUE,56.00,20.90,0.0192,0.0117,0
47.338,0,BLUE,56.10,21.00,0.0192,0.0117,0
47.371,0,BLUE,56.10,21.00,0.0192,0.0117,0
47.406,0,BLUE,56.10,21.00,0.0192,0.0117,0
47.445,0,BLUE,56.20,21.10,0.0192,0.0117,0
47.471,0,BLUE,56.20,21.10,0.0192,0.0117,0
47.504,0,BLUE,56.30,21.20,0.0192,0.0117,0
47.536,0,BLUE,56.30,21.20,0.0192,0.0117,0
47.571,0,BLUE,56.40,21.20,-,-,0
47.606,0,BLUE,56.40,21.30,-,-,0
47.636,0,BLUE,56.40,21.30,-,-,0
47.668,0,BLUE,56.50,21.30,-,-,0
47.704,0,BLUE,56.50,21.30,-,-,0
47.736,0,BLUE,56.50,21.30,-,-,0
47.769,0,BLUE,56.50,21.30,-,-,0
47.801,0,BLUE,56.50,21.30,-,-,0
47.835,0,BLUE,56.40,21.30,-,-,0
47.870,0,BLUE,56.40,21.30,-,-,0
47.902,0,BLUE,56.40,21.30,-,-,0
47.949,0,BLUE,56.40,21.30,-,-,0
47.972,0,BLUE,56.40,21.30,-,-,0
48.005,0,BLUE,56.40,21.30,-,-,0
48.036,0,BLUE,56.40,21.30,-,-,0
48.074,0,BLUE,56.40,21.30,-,-,0
48.103,0,BLUE,56.40,21.30,-,-,0
48.136,0,BLUE,56.40,21.30,-0.0492,-0.2194,0
48.173,0,BLUE,56.40,21.30,-0.0492,-0.2194,0
48.209,0,BLUE,56.40,21.00,-0.0492,-0.2194,0
48.256,0,BLUE,56.20,20.40,-0.0492,-0.2194,0
48.272,0,BLUE,56.20,20.40,-0.0492,-0.2194,0
48.306,0,BLUE,56.00,19.40,-0.0492,-0.2194,0
48.338,0,BLUE,56.00,19.40,-0.0492,-0.2194,0
48.370,0,BLUE,55.80,18.30,-,-,0
48.408,0,BLUE,55.50,17.30,-,-,0
48.442,0,BLUE,55.50,17.30,-,-,0
48.475,0,BLUE,55.50,17.20,-,-,0
48.503,0,BLUE,55.50,17.10,-,-,0
48.548,0,BLUE,55.50,17.10,-,-,0
48.569,0,BLUE,55.50,17.10,-,-,0
48.603,0,BLUE,55.50,17.10,-,-,0
48.634,0,BLUE,55.50,17.10,-,-,0
48.667,0,BLUE,55.50,17.10,-,-,0
48.700,0,BLUE,55.50,17.10,-,-,0
48.733,0,BLUE,55.50,17.10,-,-,0
48.766,0,BLUE,55.50,17.10,-,-,0
48.803,0,BLUE,55.50,17.10,-,-,0
48.835,0,BLUE,55.50,17.10,-,-,0
48.869,0,BLUE,55.50,17.10,-,-,0
48.903,0,BLUE,55.50,17.10,-,-,0
48.940,0,BLUE,55.50,17.10,-,-,0
48.970,0,BLUE,55.50,17.10,-,-,0
49.003,0,BLUE,55.50,17.10,-,-,0
49.037,0,BLUE,55.50,17.10,0.0235,0.0672,0
49.075,0,BLUE,55.50,17.10,0.0243,0.0658,0
49.103,0,BLUE,55.50,17.30,0.0246,0.0656,0
49.140,0,BLUE,55.60,17.50,0.0246,0.0656,0
49.174,0,BLUE,55.70,17.80,0.0246,0.0656,0
49.210,0,BLUE,55.70,17.80,0.0246,0.0656,0
49.240,0,BLUE,55.80,18.00,0.0246,0.0656,0
49.272,0,BLUE,55.80,18.00,-,-,0
49.320,0,BLUE,55.90,18.30,-,-,0
49.336,0,BLUE,55.90,18.30,-,-,0
49.369,0,BLUE,55.90,18.30,-,-,0
49.401,0,BLUE,55.90,18.30,-,-,0
49.445,0,BLUE,55.90,18.30,-,-,0
49.469,0,BLUE,55.90,18.30,-,-,0
49.500,0,BLUE,55.90,18.30,-,-,0
49.532,0,BLUE,55.90,18.30,-,-,0
49.568,0,BLUE,55.90,18.30,-,-,0
49.601,0,BLUE,55.90,18.30,-,-,0
49.632,0,BLUE,55.90,18.30,-,-,0
49.667,0,BLUE,55.90,18.30,-,-,0
49.701,0,BLUE,55.90,18.30,-,-,0
49.733,0,BLUE,55.90,18.30,-,-,0
49.768,0,BLUE,55.90,18.40,-,-,0
49.804,0,BLUE,55.90,18.30,-,-,0
49.835,0,BLUE,55.90,18.30,-,-,0
49.872,0,BLUE,55.90,18.30,-,-,0
49.901,0,BLUE,55.90,18.30,-,-,0
49.948,0,BLUE,55.90,18.30,-,-,0
49.970,0,BLUE,55.90,18.30,-,-,0
50.000,0,BLUE,55.90,18.30,-,-,0
50.036,0,BLUE,55.90,18.30,-,-,0
50.070,0,BLUE,55.90,18.30,-,-,0
50.103,0,BLUE,55.90,18.30,-,-,0
50.134,0,BLUE,55.90,18.30,-,-,0
50.167,0,BLUE,55.90,18.30,-,-,0
50.199,0,BLUE,55.90,18.30,-,-,0
50.232,0,BLUE,55.90,18.30,-,-,0
50.268,0,BLUE,55.90,18.30,-,-,0
50.299,0,BLUE,55.90,18.30,-,-,0
50.334,0,BLUE,55.90,18.30,-,-,0
50.375,0,BLUE,55.90,18.30,-,-,0
50.409,0,BLUE,55.90,18.30,-,-,0
50.440,0,BLUE,55.90,18.30,-,-,0
50.466,0,BLUE,55.90,18.30,-,-,0
50.500,0,BLUE,55.90,18.30,-,-,0
50.532,0,BLUE,55.90,18.30,-,-,0
50.567,0,BLUE,55.90,18.30,-,-,0
50.597,0,BLUE,55.90,18.30,-,-,0
50.631,0,BLUE,55.90,18.30,-,-,0
50.665,0,BLUE,55.90,18.30,-,-,0
50.697,0,BLUE,55.90,18.30,-,-,0
50.732,0,BLUE,55.90,18.30,-,-,0
50.769,0,BLUE,55.90,18.30,-,-,0
50.798,0,BLUE,55.90,18.30,-,-,0
50.831,0,BLUE,55.90,18.30,-,-,0
50.867,0,BLUE,55.90,18.30,-,-,0
50.898,0,BLUE,55.90,18.30,-,-,0
50.930,0,BLUE,55.90,18.30,-,-,0
50.965,0,BLUE,55.90,18.30,-,-,0
50.997,0,BLUE,55.90,18.30,-,-,0
51.032,0,BLUE,55.90,18.30,-,-,0
51.064,0,BLUE,55.90,18.30,-,-,0
51.097,0,BLUE,55.90,18.30,-,-,0
51.130,0,BLUE,55.90,18.30,-,-,0
51.166,0,BLUE,55.90,18.30,0.0418,0.0194,0
51.199,0,BLUE,55.90,18.30,0.0426,0.0222,0
51.237,0,BLUE,55.90,18.40,0.0418,0.0222,0
51.271,0,BLUE,56.00,18.40,0.0403,0.0219,0
51.302,0,BLUE,56.00,18.40,0.0391,0.0206,0
51.335,0,BLUE,56.20,18.60,0.0375,0.0192,0
51.367,0,BLUE,56.40,18.70,0.0360,0.0178,0
51.401,0,BLUE,56.40,18.70,0.0348,0.0161,0
51.453,0,BLUE,56.50,18.70,0.0348,0.0161,0
51.469,0,BLUE,56.50,18.70,0.0348,0.0161,0
51.500,0,BLUE,56.70,18.80,0.0348,0.0161,0
51.535,0,BLUE,56.90,18.90,-,-,0
51.566,0,BLUE,56.90,18.90,-,-,0
51.596,0,BLUE,57.00,18.90,-,-,0
51.631,0,BLUE,57.00,18.90,-,-,0
51.663,0,BLUE,57.00,18.90,-,-,0
51.695,0,BLUE,57.00,18.90,-,-,0
51.729,0,BLUE,57.00,18.90,-,-,0
51.762,0,BLUE,57.00,18.90,-,-,0
51.797,0,BLUE,57.00,18.90,-,-,0
51.830,0,BLUE,57.00,18.90,-,-,0
51.865,0,BLUE,57.00,18.90,-,-,0
51.897,0,BLUE,57.00,18.90,-,-,0
51.936,0,BLUE,57.00,18.90,-0.0382,-0.2008,0
51.968,0,BLUE,57.00,18.90,-0.0375,-0.1967,0
52.003,0,BLUE,56.80,18.50,-0.0386,-0.1994,0
52.036,0,BLUE,56.80,18.50,-0.0386,-0.1994,0
52.065,0,BLUE,56.80,17.90,-0.0386,-0.1994,0
52.098,0,BLUE,56.60,16.90,-0.0386,-0.1994,0
52.132,0,BLUE,56.60,16.90,-0.0386,-0.1994,0
52.167,0,BLUE,56.40,16.20,-,-,0
52.196,0,BLUE,56.30,15.20,-,-,0
52.236,0,BLUE,56.30,15.20,-,-,0
52.267,0,BLUE,56.30,15.20,-,-,0
52.295,0,BLUE,56.20,15.20,-,-,0
52.328,0,BLUE,56.20,15.20,-,-,0
52.367,0,BLUE,56.20,15.20,-,-,0
52.396,0,BLUE,56.20,15.20,-,-,0
52.438,0,BLUE,56.20,15.20,-,-,0
52.461,0,BLUE,56.20,15.20,-,-,0
52.514,0,BLUE,56.20,15.20,-,-,0
52.530,0,BLUE,56.20,15.20,-,-,0
52.559,0,BLUE,56.20,15.20,-,-,0
52.593,0,BLUE,56.20,15.20,-,-,0
52.630,0,BLUE,56.20,15.20,-,-,0
52.663,0,BLUE,56.20,15.20,-,-,0
52.694,0,BLUE,56.20,15.20,-,-,0
52.728,0,BLUE,56.20,15.20,-,-,0
52.760,0,BLUE,56.20,15.20,-,-,0
52.796,0,BLUE,56.20,15.20,-,-,0
52.832,0,BLUE,56.20,15.20,-,-,0
52.866,0,BLUE,56.20,15.20,-,-,0
52.896,0,BLUE,56.20,15.20,-,-,0
52.936,0,BLUE,56.20,15.20,-,-,0
52.964,0,BLUE,56.20,15.20,-,-,0
52.995,0,BLUE,56.20,15.20,-,-,0
53.035,0,BLUE,56.20,15.20,-,-,0
53.071,0,BLUE,56.20,15.20,-,-,0
53.096,0,BLUE,56.20,15.20,-,-,0
53.131,0,BLUE,56.20,15.20,-,-,0
53.162,0,BLUE,56.20,15.20,-,-,0
53.194,0,BLUE,56.20,15.20,-,-,0
53.231,0,BLUE,56.20,15.20,-,-,0
53.260,0,BLUE,56.20,15.20,-,-,0
53.294,0,BLUE,56.20,15.20,-,-,0
53.329,0,BLUE,56.20,15.20,-,-,0
53.362,0,BLUE,56.20,15.20,-,-,0
53.397,0,BLUE,56.20,15.20,-,-,0
53.429,0,BLUE,56.20,15.20,-,-,0
53.462,0,BLUE,56.20,15.20,-0.1617,-0.0886,0
53.497,0,BLUE,56.20,15.20,-0.1617,-0.0886,0
53.536,0,BLUE,56.20,15.20,-0.1605,-0.0886,0
53.579,0,BLUE,55.70,14.90,-0.1566,-0.0844,0
53.598,0,BLUE,55.00,14.50,-0.1527,-0.0803,0
53.631,0,BLUE,55.00,14.50,-0.1527,-0.0803,0
53.665,0,BLUE,54.50,14.20,-0.1449,-0.0747,0
53.696,0,BLUE,54.50,14.20,-0.1449,-0.0747,0
53.730,0,BLUE,53.80,13.80,-0.1371,-0.0689,0
53.762,0,BLUE,53.80,13.80,-0.1332,-0.0661,0
53.801,0,BLUE,52.50,13.20,-0.1332,-0.0661,0
53.833,0,BLUE,52.50,13.20,-0.1332,-0.0661,0
53.869,0,BLUE,51.80,12.80,-0.1332,-0.0661,0
53.894,0,BLUE,51.80,12.80,-0.1332,-0.0661,0
53.929,0,BLUE,51.00,12.40,-0.1332,-0.0661,0
53.962,0,BLUE,51.00,12.40,-,-,0
53.993,0,BLUE,50.50,12.20,-,-,0
54.032,0,BLUE,50.00,12.00,-,-,0
54.065,0,BLUE,50.00,12.00,-0.1082,-0.0442,0
54.093,0,BLUE,50.00,12.00,-0.1082,-0.0442,0
54.126,0,BLUE,49.90,11.90,-0.1078,-0.0442,0
54.162,0,BLUE,49.90,11.90,-,-,0
54.193,0,BLUE,49.30,11.70,-0.1027,-0.0414,0
54.230,0,BLUE,49.00,11.50,-,-,0
54.260,0,BLUE,49.00,11.50,-0.1004,-0.0400,0
54.294,0,BLUE,48.80,11.50,-0.1004,-0.0400,0
54.326,0,BLUE,48.40,11.30,-0.1004,-0.0400,0
54.360,0,BLUE,48.40,11.30,-0.0965,-0.0358,0
54.392,0,BLUE,48.00,11.20,-0.0965,-0.0358,0
54.429,0,BLUE,48.00,11.20,-0.0918,-0.0331,0
54.459,0,BLUE,47.50,11.00,-,-,0
54.493,0,BLUE,47.10,10.90,-,-,0
54.528,0,BLUE,47.10,10.90,-0.0855,-0.0286,0
54.560,0,BLUE,47.00,10.80,-0.0855,-0.0286,0
54.592,0,BLUE,46.90,10.80,-,-,0
54.640,0,BLUE,46.90,10.80,-0.0828,-0.0289,0
54.667,0,BLUE,46.50,10.70,-0.0812,-0.0289,0
54.692,0,BLUE,46.50,10.70,-0.0812,-0.0289,0
54.728,0,BLUE,46.40,10.60,-0.0812,-0.0289,0
54.759,0,BLUE,46.00,10.50,-0.0812,-0.0289,0
54.792,0,BLUE,46.00,10.50,-0.0812,-0.0289,0
54.828,0,BLUE,45.80,10.40,-0.0812,-0.0289,0
54.860,0,BLUE,45.80,10.40,-0.0812,-0.0289,0
54.895,0,BLUE,45.40,10.20,-0.0812,-0.0289,0
54.927,0,BLUE,45.10,10.10,-0.0812,-0.0289,0
54.961,0,BLUE,45.10,10.10,-0.0812,-0.0289,0
54.995,0,BLUE,44.80,10.00,-0.0812,-0.0289,0
55.029,0,BLUE,44.40,9.80,-0.0812,-0.0289,0
55.059,0,BLUE,44.40,9.80,-0.0812,-0.0289,0
55.092,0,BLUE,44.00,9.70,-0.0355,0.1294,0
55.129,0,BLUE,43.70,9.60,-0.0340,0.1297,0
55.159,0,BLUE,43.70,9.60,-0.0340,0.1297,0
55.193,0,BLUE,43.60,10.10,-0.0340,0.1297,0
55.226,0,BLUE,43.50,10.50,-0.0340,0.1297,0
55.262,0,BLUE,43.50,10.50,-0.0340,0.1297,0
55.293,0,BLUE,43.40,11.20,-0.0340,0.1297,0
55.328,0,BLUE,43.40,11.20,-0.0340,0.1297,0
55.359,0,BLUE,43.20,11.90,-0.0340,0.1003,0
55.393,0,BLUE,43.10,12.30,-0.0332,0.0947,0
55.428,0,BLUE,43.10,12.30,-0.0332,0.0947,0
55.460,0,BLUE,43.00,12.80,-0.0332,0.0947,0
55.495,0,BLUE,43.00,12.80,-0.0332,0.0947,0
55.527,0,BLUE,42.80,13.30,-0.0332,0.0947,0
55.559,0,BLUE,42.70,13.60,-,-,0
55.591,0,BLUE,42.70,13.60,-,-,0
55.628,0,BLUE,42.60,14.00,-,-,0
55.658,0,BLUE,42.60,14.00,-,-,0
55.712,0,BLUE,42.60,14.00,-,-,0
55.728,0,BLUE,42.60,14.00,-,-,0
55.758,0,BLUE,42.60,14.00,-,-,0
55.792,0,BLUE,42.60,14.00,-,-,0
55.826,0,BLUE,42.60,14.00,-,-,0
55.858,0,BLUE,42.60,14.00,-,-,0
55.892,0,BLUE,42.60,14.00,-,-,0
55.925,0,BLUE,42.60,14.00,-,-,0
55.956,0,BLUE,42.60,14.00,-,-,0
55.990,0,BLUE,42.60,14.00,-,-,0
56.024,0,BLUE,42.60,14.00,-,-,0
56.058,0,BLUE,42.60,14.00,-,-,0
56.091,0,BLUE,42.60,14.00,-,-,0
56.127,0,BLUE,42.60,14.00,-,-,0
56.159,0,BLUE,42.60,14.00,-,-,0
56.191,0,BLUE,42.60,14.00,-,-,0
56.224,0,BLUE,42.60,14.00,-,-,0
56.263,0,BLUE,42.60,14.00,-,-,0
56.295,0,BLUE,42.60,14.00,-,-,0
56.331,0,BLUE,42.60,14.00,-,-,0
56.359,0,BLUE,42.60,14.00,-,-,0
56.391,0,BLUE,42.60,14.00,-,-,0
56.426,0,BLUE,42.60,14.00,-,-,0
56.457,0,BLUE,42.60,14.00,-,-,0
56.491,0,BLUE,42.60,14.00,-,-,0
56.526,0,BLUE,42.60,14.00,-,-,0
56.558,0,BLUE,42.60,14.00,-,-,0
56.592,0,BLUE,42.60,14.00,-,-,0
56.625,0,BLUE,42.60,14.00,-,-,0
56.657,0,BLUE,42.60,14.00,-,-,0
56.690,0,BLUE,42.60,14.00,-,-,0
56.722,0,BLUE,42.60,14.00,-,-,0
56.769,0,BLUE,42.60,14.00,-,-,0
56.797,0,BLUE,42.60,14.00,-,-,0
56.833,0,BLUE,42.60,14.00,-,-,0
56.857,0,BLUE,42.60,14.00,-,-,0
56.889,0,BLUE,42.60,14.00,-,-,0
56.922,0,BLUE,42.60,14.00,-,-,0
56.955,0,BLUE,42.60,14.00,-,-,0
56.989,0,BLUE,42.60,14.00,-,-,0
57.021,0,BLUE,42.60,14.00,-,-,0
57.056,0,BLUE,42.60,14.00,-,-,0
57.089,0,BLUE,42.60,14.00,-,-,0
57.124,0,BLUE,42.60,14.00,-,-,0
57.155,0,BLUE,42.60,14.00,-,-,0
57.188,0,BLUE,42.60,14.00,-,-,0
57.222,0,BLUE,42.60,14.00,-,-,0
57.255,0,BLUE,42.60,14.00,-,-,0
57.289,0,BLUE,42.60,14.00,-,-,0
57.324,0,BLUE,42.60,14.00,-,-,0
57.356,0,BLUE,42.60,14.00,-,-,0
57.389,0,BLUE,42.60,14.00,-,-,0
57.422,0,BLUE,42.60,14.00,-,-,0
57.455,0,BLUE,42.60,14.00,-,-,0
57.496,0,BLUE,42.60,14.00,-,-,0
57.521,0,BLUE,42.60,14.00,-,-,0
57.554,0,BLUE,42.60,14.00,-,-,0
57.588,0,BLUE,42.60,14.00,-,-,0
57.620,0,BLUE,42.60,14.00,-,-,0
57.653,0,BLUE,42.60,14.00,-,-,0
57.689,0,BLUE,42.60,14.00,-,-,0
57.723,0,BLUE,42.60,14.00,-,-,0
57.754,0,BLUE,42.60,14.00,-,-,0
57.788,0,BLUE,42.60,14.00,-,-,0
57.839,0,BLUE,42.60,14.00,-,-,0
57.859,0,BLUE,42.60,14.00,-,-,0
57.889,0,BLUE,42.60,14.00,-,-,0
57.921,0,BLUE,42.60,14.00,-,-,0
57.955,0,BLUE,42.60,14.00,-,-,0
57.992,0,BLUE,42.60,14.00,-,-,0
58.020,0,BLUE,42.60,14.00,-,-,0
58.053,0,BLUE,42.60,14.00,-,-,0
58.087,0,BLUE,42.60,14.00,-,-,0
58.119,0,BLUE,42.60,14.00,-,-,0
58.153,0,BLUE,42.60,14.00,-,-,0
58.188,0,BLUE,42.60,14.00,-,-,0
58.219,0,BLUE,42.60,14.00,-,-,0
58.254,0,BLUE,42.60,14.00,-,-,0
58.289,0,BLUE,42.60,14.00,-,-,0
58.319,0,BLUE,42.60,14.00,-,-,0
58.354,0,BLUE,42.60,14.00,-,-,0
58.389,0,BLUE,42.60,14.00,-,-,0
58.421,0,BLUE,42.60,14.00,-,-,0
58.455,0,BLUE,42.60,14.00,-,-,0
58.487,0,BLUE,42.60,14.00,-,-,0
58.521,0,BLUE,42.60,14.00,-,-,0
58.553,0,BLUE,42.60,14.00,-,-,0
58.587,0,BLUE,42.60,14.00,-,-,0
58.619,0,BLUE,42.60,14.00,-,-,0
58.653,0,BLUE,42.60,14.00,-,-,0
58.688,0,BLUE,42.60,14.00,-,-,0
58.720,0,BLUE,42.60,14.00,-,-,0
58.754,0,BLUE,42.60,14.00,-,-,0
58.787,0,BLUE,42.60,14.00,-,-,0
58.820,0,BLUE,42.60,14.00,-,-,0
58.853,0,BLUE,42.60,14.00,-,-,0
58.903,0,BLUE,42.60,14.00,-,-,0
58.924,0,BLUE,42.60,14.00,-,-,0
58.955,0,BLUE,42.60,14.00,-,-,0
58.987,0,BLUE,42.60,14.00,-,-,0
59.019,0,BLUE,42.60,14.00,-,-,0
59.052,0,BLUE,42.60,14.00,-,-,0
59.087,0,BLUE,42.60,14.00,-,-,0
59.118,0,BLUE,42.60,14.00,-,-,0
59.151,0,BLUE,42.60,14.00,-,-,0
59.187,0,BLUE,42.60,14.00,-,-,0
59.217,0,BLUE,42.60,14.00,-,-,0
59.250,0,BLUE,42.60,14.00,-,-,0
59.286,0,BLUE,42.60,14.00,-,-,0
59.320,0,BLUE,42.60,14.00,-,-,0
59.375,0,BLUE,42.60,14.00,-,-,0
59.389,0,BLUE,42.50,14.00,-,-,0
59.421,0,BLUE,42.50,14.00,-,-,0
59.453,0,BLUE,42.50,14.00,-,-,0
59.486,0,BLUE,42.50,14.00,-,-,0
59.519,0,BLUE,42.50,14.00,-,-,0
59.552,0,BLUE,42.50,14.00,-,-,0
59.586,0,BLUE,42.50,14.00,-,-,0
59.618,0,BLUE,42.50,14.00,-,-,0
59.651,0,BLUE,42.50,14.00,-,-,0
59.684,0,BLUE,42.50,14.00,-,-,0
59.721,0,BLUE,42.50,14.00,-,-,0
59.752,0,BLUE,42.50,14.00,-,-,0
59.784,0,BLUE,42.50,14.00,-,-,0
59.819,0,BLUE,42.50,14.00,-,-,0
59.851,0,BLUE,42.50,14.00,-,-,0
59.886,0,BLUE,42.50,14.00,-,-,0
59.918,0,BLUE,42.50,14.00,-,-,0
59.972,0,BLUE,42.50,14.00,-,-,0
59.991,0,BLUE,42.50,14.00,-,-,0
60.021,0,BLUE,42.50,14.00,-,-,0
60.050,0,BLUE,42.50,14.00,-,-,0
60.084,0,BLUE,42.50,14.00,-,-,0
60.117,0,BLUE,42.50,14.00,-,-,0
60.150,0,BLUE,42.60,14.00,-,-,0
60.186,0,BLUE,42.50,14.00,-,-,0
60.217,0,BLUE,42.50,14.00,-,-,0
60.252,0,BLUE,42.50,14.00,-,-,0
60.286,0,BLUE,42.50,14.00,-,-,0
60.317,0,BLUE,42.50,14.00,-,-,0
60.350,0,BLUE,42.50,14.00,-,-,0
60.383,0,BLUE,42.50,14.00,-,-,0
60.416,0,BLUE,42.50,14.00,-,-,0
60.450,0,BLUE,42.50,14.00,-,-,0
60.485,0,BLUE,42.50,14.00,-,-,0
60.518,0,BLUE,42.50,14.00,-,-,0
60.551,0,BLUE,42.50,14.00,-,-,0
60.584,0,BLUE,42.50,14.00,-,-,0
60.615,0,BLUE,42.50,14.00,-,-,0
60.649,0,BLUE,42.50,14.00,-,-,0
60.681,0,BLUE,42.50,14.00,-,-,0
60.716,0,BLUE,42.50,14.00,-,-,0
60.749,0,BLUE,42.50,14.00,-,-,0
60.783,0,BLUE,42.50,14.00,-,-,0
60.816,0,BLUE,42.50,14.00,-,-,0
60.850,0,BLUE,42.50,14.00,-,-,0
60.883,0,BLUE,42.50,14.00,-,-,0
60.917,0,BLUE,42.50,14.00,-,-,0
60.950,0,BLUE,42.50,14.00,-,-,0
60.985,0,BLUE,42.50,14.00,-,-,0
61.033,0,BLUE,42.50,14.00,-,-,0
61.056,0,BLUE,42.50,14.00,-,-,0
61.085,0,BLUE,42.50,14.00,-,-,0
61.117,0,BLUE,42.50,14.00,-,-,0
61.151,0,BLUE,42.50,14.00,-,-,0
61.182,0,BLUE,42.50,14.00,-,-,0
61.215,0,BLUE,42.50,14.00,-,-,0
61.249,0,BLUE,42.50,14.00,-,-,0
61.281,0,BLUE,42.50,14.00,-,-,0
61.318,0,BLUE,42.50,14.00,-,-,0
61.349,0,BLUE,42.50,14.00,-,-,0
61.380,0,BLUE,42.50,14.00,-,-,0
61.416,0,BLUE,42.50,14.00,-,-,0
61.449,0,BLUE,42.50,14.00,-,-,0
61.482,0,BLUE,42.50,14.00,-,-,0
61.515,0,BLUE,42.50,14.00,-,-,0
61.549,0,BLUE,42.50,14.00,-,-,0
61.582,0,BLUE,42.50,14.00,-,-,0
61.616,0,BLUE,42.50,14.00,-,-,0
61.648,0,BLUE,42.50,14.00,-,-,0
61.681,0,BLUE,42.50,14.00,-,-,0
61.715,0,BLUE,42.50,14.00,-,-,0
61.749,0,BLUE,42.50,14.00,-,-,0
61.781,0,BLUE,42.50,14.00,-,-,0
61.816,0,BLUE,42.50,14.00,-,-,0
61.849,0,BLUE,42.50,14.00,-,-,0
61.881,0,BLUE,42.50,14.00,-,-,0
61.915,0,BLUE,42.50,14.00,-,-,0
61.949,0,BLUE,42.50,14.00,-,-,0
61.988,0,BLUE,42.50,14.00,-,-,0
62.015,0,BLUE,42.50,14.00,-,-,0
62.048,0,BLUE,42.50,14.00,-,-,0
62.097,0,BLUE,42.50,14.00,-,-,0
62.120,0,BLUE,42.50,14.00,-,-,0
62.151,0,BLUE,42.50,14.00,-,-,0
62.182,0,BLUE,42.50,14.00,-,-,0
62.218,0,BLUE,42.50,14.00,-,-,0
62.249,0,BLUE,42.50,14.00,0.0692,0.0297,0
62.282,0,BLUE,42.50,14.00,0.0692,0.0297,0
62.318,0,BLUE,42.70,14.00,0.0692,0.0297,0
62.353,0,BLUE,42.70,14.00,-,-,0
62.384,0,BLUE,42.90,14.20,0.0657,0.0311,0
62.418,0,BLUE,43.00,14.30,0.0657,0.0311,0
62.452,0,BLUE,43.00,14.30,0.0657,0.0311,0
62.483,0,BLUE,43.20,14.40,-,-,0
62.515,0,BLUE,43.20,14.40,-,-,0
62.551,0,BLUE,43.50,14.50,-,-,0
62.580,0,BLUE,43.50,14.50,-,-,0
62.613,0,BLUE,43.50,14.50,-,-,0
62.648,0,BLUE,43.50,14.50,-,-,0
62.679,0,BLUE,43.50,14.50,-,-,0
62.712,0,BLUE,43.50,14.50,-,-,0
62.747,0,BLUE,43.50,14.50,-,-,0
62.779,0,BLUE,43.50,14.50,-,-,0
62.814,0,BLUE,43.50,14.50,-,-,0
62.847,0,BLUE,43.50,14.50,-,-,0
62.880,0,BLUE,43.50,14.50,-,-,0
62.913,0,BLUE,43.50,14.50,-,-,0
62.947,0,BLUE,43.50,14.50,-,-,0
62.981,0,BLUE,43.50,14.50,-,-,0
63.015,0,BLUE,43.50,14.50,-,-,0
63.048,0,BLUE,43.50,14.50,-,-,0
63.080,0,BLUE,43.50,14.50,-,-,0
63.114,0,BLUE,43.50,14.50,-,-,0
63.162,0,BLUE,43.50,14.50,-,-,0
63.194,0,BLUE,43.50,14.50,-,-,0
63.216,0,BLUE,43.50,14.50,-,-,0
63.249,0,BLUE,43.50,14.50,-,-,0
63.281,0,BLUE,43.50,14.50,-,-,0
63.313,0,BLUE,43.50,14.50,-,-,0
63.349,0,BLUE,43.50,14.50,-,-,0
63.380,0,BLUE,43.50,14.50,-,-,0
63.413,0,BLUE,43.50,14.50,-,-,0
63.448,0,BLUE,43.50,14.50,-,-,0
63.481,0,BLUE,43.50,14.50,-,-,0
63.513,0,BLUE,43.50,14.50,-,-,0
63.549,0,BLUE,43.50,14.50,-,-,0
63.580,0,BLUE,43.50,14.50,-,-,0
63.612,0,BLUE,43.50,14.50,-,-,0
63.648,0,BLUE,43.50,14.50,-,-,0
63.679,0,BLUE,43.50,14.50,-,-,0
63.713,0,BLUE,43.50,14.50,-,-,0
63.748,0,BLUE,43.50,14.50,-,-,0
63.780,0,BLUE,43.50,14.50,-,-,0
63.812,0,BLUE,43.50,14.50,-,-,0
63.846,0,BLUE,43.50,14.50,-,-,0
63.878,0,BLUE,43.50,14.50,-,-,0
63.913,0,BLUE,43.50,14.50,-,-,0
63.946,0,BLUE,43.50,14.50,-,-,0
63.977,0,BLUE,43.50,14.50,-,-,0
64.011,0,BLUE,43.50,14.50,-,-,0
64.046,0,BLUE,43.50,14.50,-,-,0
64.079,0,BLUE,43.50,14.50,-,-,0
64.111,0,BLUE,43.60,14.50,-,-,0
64.147,0,BLUE,43.60,14.50,-,-,0
64.179,0,BLUE,43.60,14.50,-,-,0
64.239,0,BLUE,43.50,14.50,-,-,0
64.254,0,BLUE,43.60,14.50,-,-,0
64.279,0,BLUE,43.60,14.50,-,-,0
64.312,0,BLUE,43.60,14.50,-,-,0
64.345,0,BLUE,43.60,14.50,-,-,0
64.380,0,BLUE,43.60,14.50,-,-,0
64.413,0,BLUE,43.60,14.50,-,-,0
64.446,0,BLUE,43.60,14.50,-,-,0
64.478,0,BLUE,43.60,14.50,-,-,0
64.511,0,BLUE,43.60,14.50,-,-,0
64.546,0,BLUE,43.60,14.50,0.0707,0.0242,0
64.581,0,BLUE,43.60,14.50,0.0723,0.0283,0
64.618,0,BLUE,43.70,14.60,0.0723,0.0283,0
64.650,0,BLUE,43.70,14.60,0.0723,0.0283,0
64.682,0,BLUE,44.00,14.70,0.0723,0.0283,0
64.712,0,BLUE,44.00,14.70,-,-,0
64.744,0,BLUE,44.30,14.80,0.0664,0.0322,0
64.784,0,BLUE,44.50,14.90,0.0664,0.0322,0
64.813,0,BLUE,44.50,14.90,0.0664,0.0322,0
64.847,0,BLUE,44.70,15.00,-,-,0
64.877,0,BLUE,45.00,15.20,-,-,0
64.917,0,BLUE,45.00,15.20,-,-,0
64.945,0,BLUE,45.00,15.20,0.0071,-0.0764,0
64.977,0,BLUE,45.00,15.20,0.0071,-0.0736,0
65.014,0,BLUE,45.00,15.20,0.0071,-0.0736,0
65.052,0,BLUE,45.10,14.80,0.0071,-0.0736,0
65.080,0,BLUE,45.10,14.60,0.0071,-0.0736,0
65.113,0,BLUE,45.10,14.60,0.0071,-0.0736,0
65.149,0,BLUE,45.10,14.20,-,-,0
65.177,0,BLUE,45.10,14.20,-,-,0
65.211,0,BLUE,45.10,13.90,-,-,0
65.246,0,BLUE,45.20,13.90,-,-,0
65.295,0,BLUE,45.20,13.90,-,-,0
65.313,0,BLUE,45.20,13.90,-,-,0
65.342,0,BLUE,45.10,13.90,-,-,0
65.375,0,BLUE,45.10,13.90,-,-,0
65.408,0,BLUE,45.20,13.90,-,-,0
65.445,0,BLUE,45.10,13.90,-,-,0
65.476,0,BLUE,45.10,13.90,-,-,0
65.511,0,BLUE,45.20,13.90,-0.0718,-0.0733,0
65.546,0,BLUE,45.20,13.90,-0.0718,-0.0733,0
65.578,0,BLUE,45.20,13.90,-0.0718,-0.0733,0
65.612,0,BLUE,44.90,13.60,-,-,0
65.645,0,BLUE,44.60,13.30,-,-,0
65.680,0,BLUE,44.60,13.30,-,-,0
65.715,0,BLUE,44.60,13.30,-,-,0
65.741,0,BLUE,44.60,13.30,-,-,0
65.777,0,BLUE,44.60,13.30,-,-,0
65.810,0,BLUE,44.60,13.30,-,-,0
65.842,0,BLUE,44.60,13.30,-,-,0
65.875,0,BLUE,44.60,13.30,-,-,0
65.910,0,BLUE,44.60,13.30,-,-,0
65.946,0,BLUE,44.60,13.30,-,-,0
65.975,0,BLUE,44.60,13.30,-,-,0
66.009,0,BLUE,44.60,13.30,-,-,0
66.041,0,BLUE,44.60,13.30,-,-,0
66.075,0,BLUE,44.60,13.30,-,-,0
66.110,0,BLUE,44.60,13.30,-,-,0
66.143,0,BLUE,44.60,13.30,-,-,0
66.177,0,BLUE,44.60,13.30,-,-,0
66.211,0,BLUE,44.60,13.30,-0.0648,-0.0675,0
66.242,0,BLUE,44.60,13.30,-0.0648,-0.0675,0
66.281,0,BLUE,44.60,13.30,-0.0640,-0.0678,0
66.315,0,BLUE,44.30,13.00,-0.0640,-0.0678,0
66.357,0,BLUE,44.00,12.60,-0.0640,-0.0678,0
66.382,0,BLUE,44.00,12.60,-0.0640,-0.0678,0
66.412,0,BLUE,43.80,12.40,-0.0640,-0.0678,0
66.452,0,BLUE,43.80,12.40,-,-,0
66.479,0,BLUE,43.50,11.90,-,-,0
66.507,0,BLUE,43.50,11.90,-,-,0
66.541,0,BLUE,43.50,11.90,-,-,0
66.575,0,BLUE,43.40,11.90,-,-,0
66.607,0,BLUE,43.40,11.90,-,-,0
66.639,0,BLUE,43.40,11.90,-,-,0
66.672,0,BLUE,43.40,11.90,-,-,0
66.708,0,BLUE,43.40,11.90,-,-,0
66.741,0,BLUE,43.40,11.90,-,-,0
66.774,0,BLUE,43.40,11.90,-,-,0
66.807,0,BLUE,43.40,11.90,-,-,0
66.841,0,BLUE,43.40,11.90,-,-,0
66.875,0,BLUE,43.40,11.90,-,-,0
66.911,0,BLUE,43.40,11.90,-,-,0
66.944,0,BLUE,43.40,11.90,-,-,0
66.974,0,BLUE,43.40,11.90,-,-,0
67.011,0,BLUE,43.40,11.90,-,-,0
67.045,0,BLUE,43.40,11.90,-,-,0
67.074,0,BLUE,43.40,11.90,-,-,0
67.109,0,BLUE,43.40,11.90,-,-,0
67.140,0,BLUE,43.40,11.90,-,-,0
67.174,0,BLUE,43.40,11.90,-,-,0
67.210,0,BLUE,43.40,11.90,-,-,0
67.240,0,BLUE,43.40,11.90,-,-,0
67.275,0,BLUE,43.50,11.90,-,-,0
67.310,0,BLUE,43.40,11.90,-,-,0
67.342,0,BLUE,43.40,11.90,-,-,0
67.377,0,BLUE,43.50,11.90,-,-,0
67.426,0,BLUE,43.50,11.90,-,-,0
67.447,0,BLUE,43.50,11.90,-,-,0
67.476,0,BLUE,43.40,11.90,-,-,0
67.511,0,BLUE,43.50,11.90,-,-,0
67.541,0,BLUE,43.50,11.90,-,-,0
67.573,0,BLUE,43.50,11.90,-,-,0
67.610,0,BLUE,43.50,11.90,-,-,0
67.641,0,BLUE,43.50,11.90,-,-,0
67.675,0,BLUE,43.50,11.90,-,-,0
67.707,0,BLUE,43.50,11.90,-,-,0
67.739,0,BLUE,43.50,11.90,-,-,0
67.771,0,BLUE,43.50,11.90,-,-,0
67.809,0,BLUE,43.50,11.90,-,-,0
67.841,0,BLUE,43.50,11.90,-,-,0
67.874,0,BLUE,43.50,11.90,-,-,0
67.908,0,BLUE,43.50,11.90,-,-,0
67.946,0,BLUE,43.50,11.90,-,-,0
67.973,0,BLUE,43.50,11.90,-,-,0
68.008,0,BLUE,43.50,11.90,-,-,0
68.040,0,BLUE,43.50,11.90,-,-,0
68.073,0,BLUE,43.50,11.90,-,-,0
68.108,0,BLUE,43.50,11.90,-,-,0
68.140,0,BLUE,43.50,11.90,-,-,0
68.173,0,BLUE,43.40,11.90,-,-,0
68.208,0,BLUE,43.50,11.90,-,-,0
68.239,0,BLUE,43.50,11.90,-,-,0
68.273,0,BLUE,43.50,11.90,-,-,0
68.307,0,BLUE,43.50,11.90,-,-,0
68.338,0,BLUE,43.50,11.90,-,-,0
68.372,0,BLUE,43.50,11.90,-,-,0
68.408,0,BLUE,43.50,11.90,-,-,0
68.447,0,BLUE,43.50,11.90,-,-,0
68.490,0,BLUE,43.50,11.90,-,-,0
68.511,0,BLUE,43.50,11.90,-,-,0
68.539,0,BLUE,43.40,11.90,-,-,0
68.572,0,BLUE,43.50,11.90,-,-,0
68.607,0,BLUE,43.50,11.90,-,-,0
68.637,0,BLUE,43.50,11.90,-,-,0
68.672,0,BLUE,43.50,11.90,-,-,0
68.710,0,BLUE,43.50,11.90,-,-,0
68.736,0,BLUE,43.50,11.90,-,-,0
68.770,0,BLUE,43.50,11.90,-0.0324,-0.1658,0
68.806,0,BLUE,43.50,11.90,-0.0308,-0.1633,0
68.844,0,BLUE,43.40,11.60,-0.0308,-0.1633,0
68.881,0,BLUE,43.40,11.60,-0.0308,-0.1633,0
68.910,0,BLUE,43.30,10.90,-0.0308,-0.1633,0
68.946,0,BLUE,43.20,10.30,-,-,0
68.973,0,BLUE,43.20,10.30,-,-,0
69.010,0,BLUE,43.10,9.60,-,-,0
69.042,0,BLUE,43.10,9.60,-,-,0
69.072,0,BLUE,43.00,9.60,-,-,0
69.106,0,BLUE,43.10,9.60,-,-,0
69.137,0,BLUE,43.10,9.60,-,-,0
69.170,0,BLUE,43.10,9.60,-,-,0
69.206,0,BLUE,43.10,9.60,-,-,0
69.236,0,BLUE,43.10,9.60,-,-,0
69.269,0,BLUE,43.10,9.60,-,-,0
69.306,0,BLUE,43.10,9.60,-,-,0
69.338,0,BLUE,43.10,9.60,-,-,0
69.373,0,BLUE,43.10,9.60,-,-,0
69.407,0,BLUE,43.10,9.60,-,-,0
69.441,0,BLUE,43.10,9.60,-,-,0
69.473,0,BLUE,43.00,9.60,-,-,0
69.509,0,BLUE,43.10,9.60,-,-,0
69.555,0,BLUE,43.10,9.60,-,-,0
69.578,0,BLUE,43.00,9.60,-,-,0
69.608,0,BLUE,43.10,9.60,-,-,0
69.638,0,BLUE,43.10,9.60,-,-,0
69.672,0,BLUE,43.10,9.60,-,-,0
69.707,0,BLUE,43.10,9.60,-,-,0
69.740,0,BLUE,43.10,9.60,-,-,0
69.770,0,BLUE,43.10,9.60,-,-,0
69.808,0,BLUE,43.10,9.60,-,-,0
69.838,0,BLUE,43.10,9.60,-,-,0
69.871,0,BLUE,43.10,9.60,-,-,0
69.907,0,BLUE,43.10,9.60,-,-,0
69.938,0,BLUE,43.10,9.60,-,-,0
69.971,0,BLUE,43.10,9.60,-,-,0
70.007,0,BLUE,43.10,9.60,-,-,0
70.039,0,BLUE,43.10,9.60,-,-,0
70.071,0,BLUE,43.10,9.60,-,-,0
70.103,0,BLUE,43.10,9.60,-,-,0
70.136,0,BLUE,43.00,9.60,-,-,0
70.173,0,BLUE,43.00,9.60,-,-,0
70.207,0,BLUE,43.00,9.60,-,-,0
70.237,0,BLUE,43.10,9.60,-,-,0
70.268,0,BLUE,43.10,9.60,-,-,0
70.300,0,BLUE,43.10,9.60,-,-,0
70.334,0,BLUE,43.10,9.60,-,-,0
70.369,0,BLUE,43.10,9.60,-,-,0
70.405,0,BLUE,43.10,9.60,-,-,0
70.444,0,BLUE,43.10,9.60,-,-,0
70.468,0,BLUE,43.00,9.60,-,-,0
70.502,0,BLUE,43.00,9.60,-,-,0
70.537,0,BLUE,43.00,9.60,-,-,0
70.570,0,BLUE,43.00,9.60,-,-,0
70.618,0,BLUE,43.00,9.60,-,-,0
70.641,0,BLUE,43.00,9.60,-,-,0
70.670,0,BLUE,43.00,9.60,-,-,0
70.706,0,BLUE,43.00,9.60,-,-,0
70.734,0,BLUE,43.00,9.60,-,-,0
70.769,0,BLUE,43.00,9.60,-,-,0
70.802,0,BLUE,43.00,9.60,-,-,0
70.836,0,BLUE,43.00,9.60,-,-,0
70.870,0,BLUE,43.00,9.70,-,-,0
70.902,0,BLUE,43.00,9.70,-,-,0
70.954,0,BLUE,43.00,9.70,-,-,0
70.971,0,BLUE,43.00,9.70,-,-,0
71.005,0,BLUE,43.00,9.70,-,-,0
71.036,0,BLUE,43.00,9.70,-,-,0
71.069,0,BLUE,43.00,9.70,-,-,0
71.101,0,BLUE,43.00,9.70,-,-,0
71.135,0,BLUE,43.00,9.70,-,-,0
71.170,0,BLUE,43.00,9.70,-,-,0
71.202,0,BLUE,43.00,9.70,-,-,0
71.236,0,BLUE,43.00,9.70,-,-,0
71.269,0,BLUE,43.00,9.70,-,-,0
71.302,0,BLUE,43.00,9.70,-,-,0
71.335,0,BLUE,43.00,9.70,-,-,0
71.369,0,BLUE,43.00,9.70,-,-,0
71.402,0,BLUE,43.00,9.70,-,-,0
71.446,0,BLUE,43.00,9.70,-,-,0
71.468,0,BLUE,43.00,9.70,-,-,0
71.501,0,BLUE,43.00,9.70,-,-,0
71.535,0,BLUE,43.00,9.70,-,-,0
71.569,0,BLUE,43.00,9.70,-,-,0
71.602,0,BLUE,43.00,9.70,-,-,0
71.634,0,BLUE,43.00,9.70,-,-,0
71.684,0,BLUE,43.00,9.70,-,-,0
71.708,0,BLUE,43.00,9.70,-,-,0
71.734,0,BLUE,43.00,9.70,-,-,0
71.767,0,BLUE,43.00,9.70,-,-,0
71.800,0,BLUE,43.00,9.70,-,-,0
71.836,0,BLUE,43.00,9.70,-,-,0
71.868,0,BLUE,43.00,9.70,-,-,0
71.900,0,BLUE,43.00,9.70,-,-,0
71.941,0,BLUE,43.00,9.70,-,-,0
71.967,0,BLUE,43.00,9.70,-,-,0
72.000,0,BLUE,43.00,9.70,-,-,0
72.033,0,BLUE,43.00,9.70,-,-,0
72.067,0,BLUE,43.00,9.70,-,-,0
72.099,0,BLUE,43.00,9.70,-,-,0
72.133,0,BLUE,43.00,9.70,-,-,0
72.167,0,BLUE,43.00,9.70,-,-,0
72.199,0,BLUE,43.00,9.70,-,-,0
72.236,0,BLUE,43.00,9.70,-,-,0
72.270,0,BLUE,43.00,9.70,-,-,0
72.300,0,BLUE,43.00,9.70,-,-,0
72.335,0,BLUE,43.00,9.70,-,-,0
72.369,0,BLUE,43.00,9.70,-,-,0
72.407,0,BLUE,43.00,9.70,-,-,0
72.438,0,BLUE,43.00,9.70,-,-,0
72.473,0,BLUE,43.00,9.70,-,-,0
72.502,0,BLUE,43.00,9.70,-,-,0
72.533,0,BLUE,43.00,9.70,-,-,0
72.567,0,BLUE,43.00,9.70,-,-,0
72.599,0,BLUE,43.00,9.70,-,-,0
72.633,0,BLUE,43.00,9.70,-,-,0
72.667,0,BLUE,43.00,9.70,-,-,0
72.698,0,BLUE,43.00,9.70,-,-,0
72.750,0,BLUE,43.00,9.70,-,-,0
72.767,0,BLUE,43.00,9.70,-,-,0
72.798,0,BLUE,43.00,9.70,-,-,0
72.832,0,BLUE,43.00,9.70,-,-,0
72.869,0,BLUE,43.00,9.70,-,-,0
72.899,0,BLUE,43.00,9.70,-,-,0
72.935,0,BLUE,43.00,9.70,-,-,0
72.967,0,BLUE,43.00,9.70,-,-,0
72.999,0,BLUE,43.00,9.70,0.0727,-0.0203,0
73.037,0,BLUE,43.00,9.70,0.0723,-0.0231,0
73.089,0,BLUE,43.20,9.70,0.0723,-0.0231,0
73.106,0,BLUE,43.40,9.60,0.0723,-0.0231,0
73.139,0,BLUE,43.40,9.60,0.0723,-0.0231,0
73.174,0,BLUE,43.70,9.50,-,-,0
73.208,0,BLUE,43.70,9.50,-,-,0
73.234,0,BLUE,44.00,9.40,-,-,0
73.281,0,BLUE,44.00,9.40,-,-,0
73.298,0,BLUE,44.00,9.40,-,-,0
73.340,0,BLUE,44.00,9.40,-,-,0
73.364,0,BLUE,44.00,9.40,-,-,0
73.407,0,BLUE,44.00,9.40,-,-,0
73.436,0,BLUE,44.00,9.40,-,-,0
73.468,0,BLUE,44.00,9.40,-,-,0
73.499,0,BLUE,44.00,9.40,-,-,0
73.537,0,BLUE,44.00,9.40,-,-,0
73.571,0,BLUE,44.00,9.40,-,-,0
73.600,0,BLUE,44.00,9.40,-,-,0
73.637,0,BLUE,44.00,9.40,-,-,0
73.671,0,BLUE,44.00,9.40,-,-,0
73.712,0,BLUE,44.00,9.40,-,-,0
73.738,0,BLUE,44.00,9.40,-,-,0
73.770,0,BLUE,44.00,9.40,-,-,0
73.824,0,BLUE,44.00,9.40,-,-,0
73.843,0,BLUE,44.00,9.40,-,-,0
73.869,0,BLUE,44.00,9.40,-,-,0
73.901,0,BLUE,44.00,9.40,-,-,0
73.941,0,BLUE,44.00,9.40,-,-,0
73.968,0,BLUE,44.00,9.40,-,-,0
73.999,0,BLUE,44.00,9.40,-,-,0
74.032,0,BLUE,44.00,9.40,-,-,0
74.066,0,BLUE,44.00,9.40,-,-,0
74.097,0,BLUE,44.00,9.40,-,-,0
74.132,0,BLUE,44.00,9.40,-,-,0
74.167,0,BLUE,44.00,9.40,-,-,0
74.198,0,BLUE,44.00,9.40,-,-,0
74.232,0,BLUE,44.00,9.40,-,-,0
74.267,0,BLUE,44.00,9.40,-,-,0
74.298,0,BLUE,44.00,9.40,-,-,0
74.332,0,BLUE,44.00,9.40,-,-,0
74.363,0,BLUE,44.00,9.40,-,-,0
74.398,0,BLUE,44.00,9.40,-,-,0
74.441,0,BLUE,44.00,9.40,-,-,0
74.466,0,BLUE,44.00,9.40,-,-,0
74.497,0,BLUE,44.00,9.40,-,-,0
74.532,0,BLUE,44.00,9.40,-,-,0
74.564,0,BLUE,44.00,9.40,-,-,0
74.597,0,BLUE,44.00,9.40,-,-,0
74.629,0,BLUE,44.00,9.40,-,-,0
74.663,0,BLUE,44.00,9.40,-,-,0
74.695,0,BLUE,44.00,9.40,-,-,0
74.729,0,BLUE,44.00,9.40,-,-,0
74.763,0,BLUE,44.00,9.40,-,-,0
74.797,0,BLUE,44.00,9.40,-,-,0
74.832,0,BLUE,44.00,9.40,-,-,0
74.873,0,BLUE,44.00,9.40,-,-,0
74.903,0,BLUE,44.00,9.40,-,-,0
74.945,0,BLUE,44.00,9.40,-,-,0
74.966,0,BLUE,44.00,9.40,-,-,0
74.997,0,BLUE,44.00,9.40,-,-,0
75.031,0,BLUE,44.00,9.40,-,-,0
75.061,0,BLUE,44.00,9.40,-,-,0
75.095,0,BLUE,44.00,9.40,-,-,0
75.128,0,BLUE,44.00,9.40,-,-,0
75.162,0,BLUE,44.00,9.40,-,-,0
75.195,0,BLUE,44.00,9.40,-,-,0
75.230,0,BLUE,44.00,9.40,-,-,0
75.261,0,BLUE,44.00,9.40,-,-,0
75.297,0,BLUE,44.00,9.40,-,-,0
75.331,0,BLUE,44.00,9.40,-,-,0
75.362,0,BLUE,44.00,9.40,-,-,0
75.396,0,BLUE,44.00,9.40,-,-,0
75.443,0,BLUE,44.00,9.40,-,-,0
75.462,0,BLUE,44.00,9.40,-,-,0
75.495,0,BLUE,44.00,9.40,-,-,0
75.529,0,BLUE,44.00,9.40,-,-,0
75.560,0,BLUE,44.00,9.40,-,-,0
75.594,0,BLUE,44.00,9.40,-,-,0
75.628,0,BLUE,44.00,9.40,-,-,0
75.662,0,BLUE,44.00,9.40,-,-,0
75.696,0,BLUE,44.00,9.40,-,-,0
75.729,0,BLUE,44.00,9.40,-,-,0
75.765,0,BLUE,44.00,9.40,-,-,0
75.797,0,BLUE,44.00,9.40,-0.0617,0.1144,0
75.832,0,BLUE,44.00,9.40,-0.0617,0.1144,0
75.869,0,BLUE,43.90,9.60,-0.0617,0.1144,0
75.897,0,BLUE,43.90,9.60,-,-,0
75.950,0,BLUE,43.60,10.20,-,-,0
75.968,0,BLUE,43.60,10.20,-,-,0
76.000,0,BLUE,43.60,10.20,-,-,0
76.034,0,BLUE,43.60,10.20,-,-,0
76.060,0,BLUE,43.60,10.20,-,-,0
76.093,0,BLUE,43.60,10.20,-,-,0
76.128,0,BLUE,43.60,10.20,-,-,0
76.160,0,BLUE,43.60,10.20,-,-,0
76.194,0,BLUE,43.60,10.20,-,-,0
76.227,0,BLUE,43.60,10.20,-,-,0
76.259,0,BLUE,43.60,10.20,-,-,0
76.292,0,BLUE,43.60,10.20,-,-,0
76.326,0,BLUE,43.60,10.20,-,-,0
76.362,0,BLUE,43.60,10.20,-,-,0
76.394,0,BLUE,43.60,10.20,-,-,0
76.429,0,BLUE,43.60,10.20,-,-,0
76.460,0,BLUE,43.60,10.20,-,-,0
76.497,0,BLUE,43.60,10.20,0.1149,-0.0575,0
76.530,0,BLUE,43.60,10.20,0.1149,-0.0575,0
76.563,0,BLUE,43.80,10.10,0.1149,-0.0575,0
76.600,0,BLUE,43.80,10.10,-,-,0
76.630,0,BLUE,44.10,10.00,-,-,0
76.665,0,BLUE,44.50,9.80,-,-,0
76.694,0,BLUE,44.50,9.80,-,-,0
76.728,0,BLUE,44.50,9.80,-,-,0
76.761,0,BLUE,44.50,9.80,-,-,0
76.792,0,BLUE,44.50,9.80,-,-,0
76.828,0,BLUE,44.50,9.80,-,-,0
76.860,0,BLUE,44.50,9.80,-,-,0
76.894,0,BLUE,44.50,9.80,-,-,0
76.926,0,BLUE,44.50,9.80,-,-,0
76.960,0,BLUE,44.50,9.80,-,-,0
77.011,0,BLUE,44.50,9.80,-,-,0
77.031,0,BLUE,44.50,9.80,-,-,0
77.060,0,BLUE,44.50,9.80,-,-,0
77.094,0,BLUE,44.50,9.80,-,-,0
77.130,0,BLUE,44.50,9.80,-,-,0
77.159,0,BLUE,44.50,9.80,-,-,0
77.194,0,BLUE,44.50,9.80,-,-,0
77.228,0,BLUE,44.50,9.80,-,-,0
77.259,0,BLUE,44.50,9.80,-,-,0
77.293,0,BLUE,44.50,9.80,-,-,0
77.326,0,BLUE,44.50,9.80,-,-,0
77.359,0,BLUE,44.50,9.80,-,-,0
77.394,0,BLUE,44.50,9.80,-,-,0
77.430,0,BLUE,44.50,9.80,-,-,0
77.460,0,BLUE,44.50,9.80,-,-,0
77.494,0,BLUE,44.50,9.80,-,-,0
77.526,0,BLUE,44.50,9.80,-,-,0
77.560,0,BLUE,44.50,9.80,-,-,0
77.593,0,BLUE,44.50,9.80,-,-,0
77.626,0,BLUE,44.50,9.80,-,-,0
77.673,0,BLUE,44.50,9.80,-,-,0
77.694,0,BLUE,44.50,9.80,-,-,0
77.725,0,BLUE,44.50,9.80,-,-,0
77.759,0,BLUE,44.50,9.80,-,-,0
77.794,0,BLUE,44.50,9.80,-,-,0
77.826,0,BLUE,44.50,9.80,-,-,0
77.860,0,BLUE,44.50,9.80,-,-,0
77.897,0,BLUE,44.50,9.80,-,-,0
77.926,0,BLUE,44.50,9.80,-,-,0
77.958,0,BLUE,44.50,9.80,-,-,0
77.993,0,BLUE,44.50,9.80,-,-,0
78.025,0,BLUE,44.50,9.80,-,-,0
78.069,0,BLUE,44.50,9.80,-,-,0
78.097,0,BLUE,44.50,9.80,-,-,0
78.131,0,BLUE,44.50,9.80,-,-,0
78.159,0,BLUE,44.50,9.80,-,-,0
78.193,0,BLUE,44.50,9.80,-,-,0
78.226,0,BLUE,44.50,9.80,-,-,0
78.259,0,BLUE,44.50,9.80,-,-,0
78.291,0,BLUE,44.50,9.80,-,-,0
78.326,0,BLUE,44.50,9.80,-,-,0
78.357,0,BLUE,44.50,9.80,-,-,0
78.391,0,BLUE,44.50,9.80,-,-,0
78.427,0,BLUE,44.50,9.80,-,-,0
78.459,0,BLUE,44.50,9.80,-,-,0
78.490,0,BLUE,44.50,9.80,-,-,0
78.525,0,BLUE,44.50,9.80,-,-,0
78.561,0,BLUE,44.50,9.80,-,-,0
78.593,0,BLUE,44.50,9.80,-,-,0
78.626,0,BLUE,44.50,9.80,-,-,0
78.656,0,BLUE,44.50,9.80,-,-,0
78.691,0,BLUE,44.50,9.80,-,-,0
78.729,0,BLUE,44.50,9.80,-,-,0
78.757,0,BLUE,44.50,9.80,-,-,0
78.790,0,BLUE,44.50,9.80,-,-,0
78.825,0,BLUE,44.50,9.80,-,-,0
78.857,0,BLUE,44.50,9.80,-,-,0
78.890,0,BLUE,44.50,9.80,-,-,0
78.925,0,BLUE,44.50,9.80,-,-,0
78.956,0,BLUE,44.50,9.80,-,-,0
79.011,0,BLUE,44.50,9.80,-,-,0
79.025,0,BLUE,44.50,9.80,-,-,0
79.056,0,BLUE,44.50,9.80,-,-,0
79.089,0,BLUE,44.50,9.80,-,-,0
79.147,0,BLUE,44.50,9.80,-,-,0
79.162,0,BLUE,44.50,9.80,-,-,0
79.190,0,BLUE,44.50,9.80,-,-,0
79.224,0,BLUE,44.50,9.80,-,-,0
79.256,0,BLUE,44.50,9.80,-,-,0
79.290,0,BLUE,44.50,9.80,-,-,0
79.325,0,BLUE,44.50,9.80,-,-,0
79.356,0,BLUE,44.50,9.80,-,-,0
79.389,0,BLUE,44.50,9.80,-,-,0
79.423,0,BLUE,44.50,9.80,-,-,0
79.456,0,BLUE,44.50,9.80,-,-,0
79.490,0,BLUE,44.50,9.80,-,-,0
79.522,0,BLUE,44.50,9.80,-,-,0
79.557,0,BLUE,44.50,9.80,-,-,0
79.588,0,BLUE,44.50,9.80,-,-,0
79.623,0,BLUE,44.50,9.80,-,-,0
79.657,0,BLUE,44.50,9.80,-,-,0
79.690,0,BLUE,44.50,9.80,-,-,0
79.722,0,BLUE,44.50,9.80,-,-,0
79.756,0,BLUE,44.50,9.80,-,-,0
79.793,0,BLUE,44.50,9.80,-,-,0
79.822,0,BLUE,44.50,9.80,-,-,0
79.855,0,BLUE,44.50,9.80,-,-,0
79.901,0,BLUE,44.50,9.80,-,-,0
79.929,0,BLUE,44.50,9.80,-,-,0
79.954,0,BLUE,44.50,9.80,0.1242,0.2197,0
79.990,0,BLUE,44.50,9.80,0.1239,0.2197,0
80.031,0,BLUE,44.50,9.80,0.1239,0.2194,0
80.065,0,BLUE,45.00,10.80,0.1239,0.2194,0
80.092,0,BLUE,45.60,11.90,0.1239,0.2194,0
80.122,0,BLUE,45.60,11.90,0.1239,0.2194,0
80.156,0,BLUE,46.00,12.70,0.1239,0.2194,0
80.205,0,BLUE,46.60,13.70,-,-,0
80.222,0,BLUE,46.60,13.70,-,-,0
80.255,0,BLUE,47.00,14.50,-,-,0
80.301,0,BLUE,47.10,14.70,-,-,0
80.338,0,BLUE,47.10,14.70,-,-,0
80.356,0,BLUE,47.10,14.60,-,-,0
80.389,0,BLUE,47.10,14.60,-,-,0
80.425,0,BLUE,47.10,14.60,-,-,0
80.456,0,BLUE,47.10,14.60,-,-,0
80.491,0,BLUE,47.10,14.60,-,-,0
80.522,0,BLUE,47.10,14.60,-,-,0
80.554,0,BLUE,47.10,14.60,-,-,0
80.587,0,BLUE,47.10,14.60,-,-,0
80.620,0,BLUE,47.10,14.60,-,-,0
80.656,0,BLUE,47.10,14.60,-,-,0
80.690,0,BLUE,47.10,14.60,0.1032,0.1331,0
80.723,0,BLUE,47.10,14.60,0.1032,0.1331,0
80.760,0,BLUE,47.10,14.60,0.1024,0.1344,0
80.794,0,BLUE,47.40,15.00,0.1000,0.1289,0
80.828,0,BLUE,47.90,15.40,-,-,0
80.856,0,BLUE,47.90,15.40,-,-,0
80.894,0,BLUE,48.40,16.00,-,-,0
80.929,0,BLUE,48.40,16.00,-,-,0
80.960,0,BLUE,48.40,16.00,-,-,0
80.991,0,BLUE,48.40,16.00,-,-,0
81.024,0,BLUE,48.40,16.00,-,-,0
81.057,0,BLUE,48.40,16.00,-,-,0
81.097,0,BLUE,48.40,16.00,-,-,0
81.122,0,BLUE,48.40,16.00,-,-,0
81.155,0,BLUE,48.40,16.00,-,-,0
81.189,0,BLUE,48.40,16.00,-,-,0
81.221,0,BLUE,48.40,16.00,-,-,0
81.268,0,BLUE,48.40,16.00,-,-,0
81.292,0,BLUE,48.40,16.00,-,-,0
81.321,0,BLUE,48.40,16.00,-,-,0
81.354,0,BLUE,48.40,16.00,-,-,0
81.391,0,BLUE,48.40,16.00,-,-,0
81.423,0,BLUE,48.40,16.00,-,-,0
81.455,0,BLUE,48.40,16.00,-,-,0
81.488,0,BLUE,48.40,16.00,-,-,0
81.523,0,BLUE,48.40,16.00,-,-,0
81.554,0,BLUE,48.40,16.00,-,-,0
81.591,0,BLUE,48.40,16.00,-,-,0
81.622,0,BLUE,48.40,16.00,-,-,0
81.658,0,BLUE,48.40,16.00,-,-,0
81.690,0,BLUE,48.40,16.00,-,-,0
81.724,0,BLUE,48.40,16.00,-,-,0
81.756,0,BLUE,48.40,16.00,-,-,0
81.791,0,BLUE,48.40,16.00,-,-,0
81.824,0,BLUE,48.40,16.00,-,-,0
81.856,0,BLUE,48.40,16.00,-,-,0
81.889,0,BLUE,48.40,16.00,-,-,0
81.921,0,BLUE,48.40,16.00,-,-,0
81.955,0,BLUE,48.40,16.00,-,-,0
81.991,0,BLUE,48.40,16.00,-,-,0
82.021,0,BLUE,48.40,16.00,-,-,0
82.053,0,BLUE,48.40,16.00,-,-,0
82.089,0,BLUE,48.40,16.00,-,-,0
82.123,0,BLUE,48.40,16.00,-,-,0
82.158,0,BLUE,48.40,16.00,-,-,0
82.187,0,BLUE,48.40,16.00,-,-,0
82.220,0,BLUE,48.40,16.00,-,-,0
82.253,0,BLUE,48.40,16.00,-,-,0
82.286,0,BLUE,48.40,16.00,-,-,0
82.339,0,BLUE,48.40,16.00,-,-,0
82.359,0,BLUE,48.40,16.00,-,-,0
82.390,0,BLUE,48.40,16.00,-,-,0
82.421,0,BLUE,48.40,16.00,-,-,0
82.453,0,BLUE,48.40,16.00,-,-,0
82.487,0,BLUE,48.40,16.00,-,-,0
82.519,0,BLUE,48.40,16.00,-,-,0
82.552,0,BLUE,48.40,16.00,-,-,0
82.585,0,BLUE,48.40,16.00,-,-,0
82.618,0,BLUE,48.40,16.00,-,-,0
82.651,0,BLUE,48.40,16.00,-,-,0
82.685,0,BLUE,48.40,16.00,-,-,0
82.718,0,BLUE,48.40,16.00,-,-,0
82.751,0,BLUE,48.40,16.00,-,-,0
82.784,0,BLUE,48.40,16.00,-,-,0
82.817,0,BLUE,48.40,16.00,-,-,0
82.851,0,BLUE,48.40,16.00,-,-,0
82.886,0,BLUE,48.40,16.00,-,-,0
82.918,0,BLUE,48.40,16.00,-,-,0
82.951,0,BLUE,48.40,16.00,-,-,0
82.986,0,BLUE,48.40,16.00,-,-,0
83.019,0,BLUE,48.40,16.00,-,-,0
83.051,0,BLUE,48.40,16.00,-,-,0
83.085,0,BLUE,48.40,16.00,-,-,0
83.118,0,BLUE,48.40,16.00,-,-,0
83.153,0,BLUE,48.40,16.00,-,-,0
83.184,0,BLUE,48.40,16.00,-,-,0
83.219,0,BLUE,48.40,16.00,-,-,0
83.250,0,BLUE,48.40,16.00,-,-,0
83.283,0,BLUE,48.40,16.00,-,-,0
83.317,0,BLUE,48.40,16.00,-,-,0
83.350,0,BLUE,48.40,16.00,-,-,0
83.398,0,BLUE,48.40,16.00,-,-,0
83.422,0,BLUE,48.40,16.00,-,-,0
83.451,0,BLUE,48.40,16.00,-,-,0
83.484,0,BLUE,48.40,16.00,-,-,0
83.518,0,BLUE,48.40,16.00,-,-,0
83.550,0,BLUE,48.40,16.00,-,-,0
83.584,0,BLUE,48.40,16.00,-,-,0
83.618,0,BLUE,48.40,16.00,-,-,0
83.651,0,BLUE,48.40,16.00,-,-,0
83.685,0,BLUE,48.40,16.00,-,-,0
83.720,0,BLUE,48.40,16.00,-,-,0
83.749,0,BLUE,48.30,16.00,-,-,0
83.782,0,BLUE,48.30,16.00,-,-,0
83.818,0,BLUE,48.40,16.00,-,-,0
83.850,0,BLUE,48.40,16.00,-,-,0
83.883,0,BLUE,48.40,16.00,-,-,0
83.918,0,BLUE,48.30,16.00,-,-,0
83.950,0,BLUE,48.30,16.00,-,-,0
83.988,0,BLUE,48.30,16.00,-,-,0
84.019,0,BLUE,48.30,16.00,-,-,0
84.050,0,BLUE,48.30,16.00,-,-,0
84.082,0,BLUE,48.30,16.00,-,-,0
84.115,0,BLUE,48.30,16.00,-,-,0
84.149,0,BLUE,48.30,16.00,-,-,0
84.183,0,BLUE,48.30,16.00,-,-,0
84.216,0,BLUE,48.30,16.00,-,-,0
84.249,0,BLUE,48.30,16.00,-,-,0
84.282,0,BLUE,48.30,16.00,-,-,0
84.315,0,BLUE,48.30,16.00,-,-,0
84.349,0,BLUE,48.30,16.00,-,-,0
84.408,0,BLUE,48.30,16.00,-,-,0
84.420,0,BLUE,48.30,16.00,-,-,0
84.464,0,BLUE,48.30,16.00,-,-,0
84.489,0,BLUE,48.30,16.00,-,-,0
84.516,0,BLUE,48.30,16.00,-,-,0
84.566,0,BLUE,48.30,16.00,-,-,0
84.591,0,BLUE,48.30,16.00,-,-,0
84.620,0,BLUE,48.30,16.00,-,-,0
84.665,0,BLUE,48.30,16.00,-,-,0
84.683,0,BLUE,48.30,16.00,-,-,0
84.717,0,BLUE,48.30,16.00,-,-,0
84.777,0,BLUE,48.30,16.00,-,-,0
84.786,0,BLUE,48.30,16.00,-,-,0
84.816,0,BLUE,48.30,16.00,-,-,0
84.852,0,BLUE,48.30,16.00,-,-,0
84.883,0,BLUE,48.30,16.00,-,-,0
84.916,0,BLUE,48.30,16.00,-,-,0
84.950,0,BLUE,48.30,16.00,-,-,0
84.981,0,BLUE,48.30,16.00,-,-,0
85.015,0,BLUE,48.30,16.00,-,-,0
85.049,0,BLUE,48.30,16.00,-,-,0
85.082,0,BLUE,48.30,16.00,-,-,0
85.116,0,BLUE,48.30,16.00,-,-,0
85.149,0,BLUE,48.30,16.00,-,-,0
85.182,0,BLUE,48.30,16.00,-,-,0
85.215,0,BLUE,48.30,16.00,-,-,0
85.250,0,BLUE,48.30,16.00,-,-,0
85.280,0,BLUE,48.30,16.00,-,-,0
85.314,0,BLUE,48.30,16.00,-,-,0
85.349,0,BLUE,48.30,16.00,-,-,0
85.381,0,BLUE,48.30,16.00,-,-,0
85.415,0,BLUE,48.30,16.00,-,-,0
85.450,0,BLUE,48.30,16.00,-,-,0
85.481,0,BLUE,48.30,16.00,-,-,0
85.531,0,BLUE,48.30,16.00,-,-,0
85.553,0,BLUE,48.30,16.00,-,-,0
85.581,0,BLUE,48.30,15.90,-,-,0
85.613,0,BLUE,48.30,15.90,-,-,0
85.649,0,BLUE,48.30,16.00,-,-,0
