timestamp,target_index,offset_x,offset_y_raw_NOT_for_real_ammo
2026-09-24 12:42:17,0,-0.0008,-0.0222
2026-09-24 12:42:17,0,-0.0008,-0.0222
2026-09-24 12:42:18,0,-0.0008,-0.0222
2026-09-24 12:42:18,0,-0.0008,-0.0222
2026-09-24 12:42:18,0,-0.0008,-0.0222
2026-09-24 12:42:18,0,-0.0008,-0.0222
2026-09-24 12:42:19,0,-0.0008,-0.0222
2026-09-24 12:42:19,0,-0.0008,-0.0222
2026-09-24 12:42:19,0,-0.0008,-0.0222
2026-09-24 12:42:19,0,-0.0008,-0.0222
2026-09-24 12:42:19,0,-0.0008,-0.0222
2026-09-24 12:42:20,0,-0.0008,-0.0222
2026-09-24 12:42:20,0,-0.0008,-0.0222
2026-09-24 12:42:20,0,-0.0008,-0.0222
2026-09-24 12:42:20,0,-0.0008,-0.0222
2026-09-24 12:42:22,0,-0.0008,-0.0222
2026-09-24 12:42:22,0,-0.0008,-0.0222
2026-09-24 12:42:22,0,-0.0008,-0.0222
2026-09-24 12:43:20,0,0.0141,-0.0083
2026-09-24 12:43:22,0,0.0141,-0.0083
2026-09-24 12:43:22,0,0.0141,-0.0083
2026-09-24 12:43:23,0,0.0141,-0.0083
2026-09-24 12:43:23,0,0.0141,-0.0083
2026-09-24 12:43:23,0,0.0141,-0.0083
2026-09-24 12:43:23,0,0.0141,-0.0083
2026-09-24 12:43:24,0,0.0141,-0.0083
2026-09-24 12:43:54,0,0.0156,-0.0153
2026-09-24 12:43:54,0,0.0156,-0.0153
2026-09-24 12:43:54,0,0.0156,-0.0153
2026-09-24 12:43:54,0,0.0156,-0.0153
2026-09-24 12:43:54,0,0.0156,-0.0153
2026-09-24 12:43:55,0,0.0156,-0.0153
2026-09-24 12:43:55,0,0.0156,-0.0153
2026-09-24 12:43:58,0,0.0156,-0.0153
2026-09-24 12:44:13,0,0.0156,-0.0153
2026-09-24 12:44:14,0,0.0156,-0.0153
2026-09-24 12:53:46,0,-0.0219,-0.0292
2026-09-24 12:53:47,0,-0.0219,-0.0292
2026-09-24 12:54:28,0,-0.0055,-0.0222
2026-09-24 12:54:29,0,-0.0055,-0.0222
2026-09-24 12:54:29,0,-0.0055,-0.0222
2026-09-24 12:54:29,0,-0.0055,-0.0222
2026-09-24 12:54:29,0,-0.0055,-0.0222
2026-09-24 12:54:29,0,-0.0055,-0.0222
2026-09-24 12:54:29,0,-0.0055,-0.0222
2026-09-24 12:54:30,0,-0.0055,-0.0222
2026-09-24 12:54:30,0,-0.0055,-0.0222
2026-09-24 12:54:30,0,-0.0055,-0.0222
2026-09-24 12:54:30,0,-0.0055,-0.0222
